[{"model": "auth.permission", "pk": 1, "fields": {"name": "Can ALL user", "content_type": 8, "codename": "user"}}, {"model": "auth.permission", "pk": 2, "fields": {"name": "Can ALL solution", "content_type": 11, "codename": "solution"}}, {"model": "auth.permission", "pk": 3, "fields": {"name": "Can ALL association", "content_type": 12, "codename": "association"}}, {"model": "auth.permission", "pk": 4, "fields": {"name": "Can ALL enterprise", "content_type": 13, "codename": "enterprise"}}, {"model": "auth.permission", "pk": 5, "fields": {"name": "Can ALL headquar(sedes)", "content_type": 14, "codename": "headquar"}}, {"model": "auth.permission", "pk": 6, "fields": {"name": "Can ALL access", "content_type": 15, "codename": "access"}}, {"model": "auth.permission", "pk": 7, "fields": {"name": "Can ALL module", "content_type": 16, "codename": "module"}}, {"model": "auth.permission", "pk": 8, "fields": {"name": "Can ALL menu", "content_type": 17, "codename": "menu"}}, {"model": "auth.permission", "pk": 9, "fields": {"name": "Can ALL ticket", "content_type": 21, "codename": "ticket"}}, {"model": "auth.permission", "pk": 10, "fields": {"name": "Can ALL backup", "content_type": 22, "codename": "backup"}}, {"model": "auth.permission", "pk": 55, "fields": {"name": "Can view mod_backend/dashboard", "content_type": 135, "codename": "dashboard"}}, {"model": "auth.permission", "pk": 56, "fields": {"name": "Cand edit accounts/profile", "content_type": 56, "codename": "profile"}}, {"model": "auth.permission", "pk": 100, "fields": {"name": "tempa of tempapp", "content_type": 100, "codename": "tempc_tempa"}}, {"model": "auth.permission", "pk": 153, "fields": {"name": "Can add log entry", "content_type": 1, "codename": "add_logentry"}}, {"model": "auth.permission", "pk": 154, "fields": {"name": "Can change log entry", "content_type": 1, "codename": "change_logentry"}}, {"model": "auth.permission", "pk": 155, "fields": {"name": "Can delete log entry", "content_type": 1, "codename": "delete_logentry"}}, {"model": "auth.permission", "pk": 156, "fields": {"name": "Can add permission", "content_type": 2, "codename": "add_permission"}}, {"model": "auth.permission", "pk": 157, "fields": {"name": "Can change permission", "content_type": 2, "codename": "change_permission"}}, {"model": "auth.permission", "pk": 158, "fields": {"name": "Can delete permission", "content_type": 2, "codename": "delete_permission"}}, {"model": "auth.permission", "pk": 159, "fields": {"name": "Can add group", "content_type": 3, "codename": "add_group"}}, {"model": "auth.permission", "pk": 160, "fields": {"name": "Can change group", "content_type": 3, "codename": "change_group"}}, {"model": "auth.permission", "pk": 161, "fields": {"name": "Can delete group", "content_type": 3, "codename": "delete_group"}}, {"model": "auth.permission", "pk": 162, "fields": {"name": "Can add content type", "content_type": 4, "codename": "add_contenttype"}}, {"model": "auth.permission", "pk": 163, "fields": {"name": "Can change content type", "content_type": 4, "codename": "change_contenttype"}}, {"model": "auth.permission", "pk": 164, "fields": {"name": "Can delete content type", "content_type": 4, "codename": "delete_contenttype"}}, {"model": "auth.permission", "pk": 165, "fields": {"name": "Can add session", "content_type": 5, "codename": "add_session"}}, {"model": "auth.permission", "pk": 166, "fields": {"name": "Can change session", "content_type": 5, "codename": "change_session"}}, {"model": "auth.permission", "pk": 167, "fields": {"name": "Can delete session", "content_type": 5, "codename": "delete_session"}}, {"model": "auth.permission", "pk": 168, "fields": {"name": "Can add site", "content_type": 6, "codename": "add_site"}}, {"model": "auth.permission", "pk": 169, "fields": {"name": "Can change site", "content_type": 6, "codename": "change_site"}}, {"model": "auth.permission", "pk": 170, "fields": {"name": "Can delete site", "content_type": 6, "codename": "delete_site"}}, {"model": "auth.permission", "pk": 171, "fields": {"name": "Can add flat page", "content_type": 23, "codename": "add_flatpage"}}, {"model": "auth.permission", "pk": 172, "fields": {"name": "Can change flat page", "content_type": 23, "codename": "change_flatpage"}}, {"model": "auth.permission", "pk": 173, "fields": {"name": "Can delete flat page", "content_type": 23, "codename": "delete_flatpage"}}, {"model": "auth.permission", "pk": 174, "fields": {"name": "Can add Person", "content_type": 9, "codename": "add_person"}}, {"model": "auth.permission", "pk": 175, "fields": {"name": "Can change Person", "content_type": 9, "codename": "change_person"}}, {"model": "auth.permission", "pk": 176, "fields": {"name": "Can delete Person", "content_type": 9, "codename": "delete_person"}}, {"model": "auth.permission", "pk": 177, "fields": {"name": "Can add Solution", "content_type": 11, "codename": "add_solution"}}, {"model": "auth.permission", "pk": 178, "fields": {"name": "Can change Solution", "content_type": 11, "codename": "change_solution"}}, {"model": "auth.permission", "pk": 179, "fields": {"name": "Can delete Solution", "content_type": 11, "codename": "delete_solution"}}, {"model": "auth.permission", "pk": 180, "fields": {"name": "Can add Association", "content_type": 12, "codename": "add_association"}}, {"model": "auth.permission", "pk": 181, "fields": {"name": "Can change Association", "content_type": 12, "codename": "change_association"}}, {"model": "auth.permission", "pk": 182, "fields": {"name": "Can delete Association", "content_type": 12, "codename": "delete_association"}}, {"model": "auth.permission", "pk": 183, "fields": {"name": "Can add Enterprise", "content_type": 13, "codename": "add_enterprise"}}, {"model": "auth.permission", "pk": 184, "fields": {"name": "Can change Enterprise", "content_type": 13, "codename": "change_enterprise"}}, {"model": "auth.permission", "pk": 185, "fields": {"name": "Can delete Enterprise", "content_type": 13, "codename": "delete_enterprise"}}, {"model": "auth.permission", "pk": 186, "fields": {"name": "Can add Headquar", "content_type": 14, "codename": "add_headquar"}}, {"model": "auth.permission", "pk": 187, "fields": {"name": "Can change Headquar", "content_type": 14, "codename": "change_headquar"}}, {"model": "auth.permission", "pk": 188, "fields": {"name": "Can delete Headquar", "content_type": 14, "codename": "delete_headquar"}}, {"model": "auth.permission", "pk": 189, "fields": {"name": "Can add User", "content_type": 8, "codename": "add_user"}}, {"model": "auth.permission", "pk": 190, "fields": {"name": "Can change User", "content_type": 8, "codename": "change_user"}}, {"model": "auth.permission", "pk": 191, "fields": {"name": "Can delete User", "content_type": 8, "codename": "delete_user"}}, {"model": "auth.permission", "pk": 192, "fields": {"name": "Can add User status", "content_type": 101, "codename": "add_userstatus"}}, {"model": "auth.permission", "pk": 193, "fields": {"name": "Can change User status", "content_type": 101, "codename": "change_userstatus"}}, {"model": "auth.permission", "pk": 194, "fields": {"name": "Can delete User status", "content_type": 101, "codename": "delete_userstatus"}}, {"model": "auth.permission", "pk": 195, "fields": {"name": "Can add Access", "content_type": 15, "codename": "add_access"}}, {"model": "auth.permission", "pk": 196, "fields": {"name": "Can change Access", "content_type": 15, "codename": "change_access"}}, {"model": "auth.permission", "pk": 197, "fields": {"name": "Can delete Access", "content_type": 15, "codename": "delete_access"}}, {"model": "auth.permission", "pk": 198, "fields": {"name": "Can add Module", "content_type": 16, "codename": "add_module"}}, {"model": "auth.permission", "pk": 199, "fields": {"name": "Can change Module", "content_type": 16, "codename": "change_module"}}, {"model": "auth.permission", "pk": 200, "fields": {"name": "Can delete Module", "content_type": 16, "codename": "delete_module"}}, {"model": "auth.permission", "pk": 201, "fields": {"name": "Can add Menu", "content_type": 17, "codename": "add_menu"}}, {"model": "auth.permission", "pk": 202, "fields": {"name": "Can change Menu", "content_type": 17, "codename": "change_menu"}}, {"model": "auth.permission", "pk": 203, "fields": {"name": "Can delete Menu", "content_type": 17, "codename": "delete_menu"}}, {"model": "auth.permission", "pk": 204, "fields": {"name": "Can add User enterprise", "content_type": 18, "codename": "add_userenterprise"}}, {"model": "auth.permission", "pk": 205, "fields": {"name": "Can change User enterprise", "content_type": 18, "codename": "change_userenterprise"}}, {"model": "auth.permission", "pk": 206, "fields": {"name": "Can delete User enterprise", "content_type": 18, "codename": "delete_userenterprise"}}, {"model": "auth.permission", "pk": 207, "fields": {"name": "Can add User headquar", "content_type": 19, "codename": "add_userheadquar"}}, {"model": "auth.permission", "pk": 208, "fields": {"name": "Can change User headquar", "content_type": 19, "codename": "change_userheadquar"}}, {"model": "auth.permission", "pk": 209, "fields": {"name": "Can delete User headquar", "content_type": 19, "codename": "delete_userheadquar"}}, {"model": "auth.permission", "pk": 210, "fields": {"name": "Can add User association", "content_type": 20, "codename": "add_userassociation"}}, {"model": "auth.permission", "pk": 211, "fields": {"name": "Can change User association", "content_type": 20, "codename": "change_userassociation"}}, {"model": "auth.permission", "pk": 212, "fields": {"name": "Can delete User association", "content_type": 20, "codename": "delete_userassociation"}}, {"model": "auth.permission", "pk": 213, "fields": {"name": "Can add Ticket", "content_type": 21, "codename": "add_ticket"}}, {"model": "auth.permission", "pk": 214, "fields": {"name": "Can change Ticket", "content_type": 21, "codename": "change_ticket"}}, {"model": "auth.permission", "pk": 215, "fields": {"name": "Can delete Ticket", "content_type": 21, "codename": "delete_ticket"}}, {"model": "auth.permission", "pk": 216, "fields": {"name": "Can add Backup", "content_type": 22, "codename": "add_backup"}}, {"model": "auth.permission", "pk": 217, "fields": {"name": "Can change Backup", "content_type": 22, "codename": "change_backup"}}, {"model": "auth.permission", "pk": 218, "fields": {"name": "Can delete Backup", "content_type": 22, "codename": "delete_backup"}}, {"model": "auth.permission", "pk": 219, "fields": {"name": "Can add Proveedor", "content_type": 102, "codename": "add_proveedor"}}, {"model": "auth.permission", "pk": 220, "fields": {"name": "Can change Proveedor", "content_type": 102, "codename": "change_proveedor"}}, {"model": "auth.permission", "pk": 221, "fields": {"name": "Can delete Proveedor", "content_type": 102, "codename": "delete_proveedor"}}, {"model": "auth.permission", "pk": 222, "fields": {"name": "Can add Compra", "content_type": 103, "codename": "add_compra"}}, {"model": "auth.permission", "pk": 223, "fields": {"name": "Can change Compra", "content_type": 103, "codename": "change_compra"}}, {"model": "auth.permission", "pk": 224, "fields": {"name": "Can delete Compra", "content_type": 103, "codename": "delete_compra"}}, {"model": "auth.permission", "pk": 225, "fields": {"name": "Can add Detalle Compra", "content_type": 104, "codename": "add_detallecompra"}}, {"model": "auth.permission", "pk": 226, "fields": {"name": "Can change Detalle Compra", "content_type": 104, "codename": "change_detallecompra"}}, {"model": "auth.permission", "pk": 227, "fields": {"name": "Can delete Detalle Compra", "content_type": 104, "codename": "delete_detallecompra"}}, {"model": "auth.permission", "pk": 228, "fields": {"name": "Can add Departamento", "content_type": 105, "codename": "add_departamento"}}, {"model": "auth.permission", "pk": 229, "fields": {"name": "Can change Departamento", "content_type": 105, "codename": "change_departamento"}}, {"model": "auth.permission", "pk": 230, "fields": {"name": "Can delete Departamento", "content_type": 105, "codename": "delete_departamento"}}, {"model": "auth.permission", "pk": 231, "fields": {"name": "Can add Categoria", "content_type": 106, "codename": "add_categoria"}}, {"model": "auth.permission", "pk": 232, "fields": {"name": "Can change Categoria", "content_type": 106, "codename": "change_categoria"}}, {"model": "auth.permission", "pk": 233, "fields": {"name": "Can delete Categoria", "content_type": 106, "codename": "delete_categoria"}}, {"model": "auth.permission", "pk": 234, "fields": {"name": "Can add Unidad de medida Venta", "content_type": 107, "codename": "add_unidadmedidav"}}, {"model": "auth.permission", "pk": 235, "fields": {"name": "Can change Unidad de medida Venta", "content_type": 107, "codename": "change_unidadmedidav"}}, {"model": "auth.permission", "pk": 236, "fields": {"name": "Can delete Unidad de medida Venta", "content_type": 107, "codename": "delete_unidadmedidav"}}, {"model": "auth.permission", "pk": 237, "fields": {"name": "Can add Unidad de medida Compra", "content_type": 108, "codename": "add_unidadmedidac"}}, {"model": "auth.permission", "pk": 238, "fields": {"name": "Can change Unidad de medida Compra", "content_type": 108, "codename": "change_unidadmedidac"}}, {"model": "auth.permission", "pk": 239, "fields": {"name": "Can delete Unidad de medida Compra", "content_type": 108, "codename": "delete_unidadmedidac"}}, {"model": "auth.permission", "pk": 240, "fields": {"name": "Can add Producto", "content_type": 109, "codename": "add_producto"}}, {"model": "auth.permission", "pk": 241, "fields": {"name": "Can change Producto", "content_type": 109, "codename": "change_producto"}}, {"model": "auth.permission", "pk": 242, "fields": {"name": "Can delete Producto", "content_type": 109, "codename": "delete_producto"}}, {"model": "auth.permission", "pk": 243, "fields": {"name": "Can add Venta", "content_type": 110, "codename": "add_venta"}}, {"model": "auth.permission", "pk": 244, "fields": {"name": "Can change Venta", "content_type": 110, "codename": "change_venta"}}, {"model": "auth.permission", "pk": 245, "fields": {"name": "Can delete Venta", "content_type": 110, "codename": "delete_venta"}}, {"model": "auth.permission", "pk": 246, "fields": {"name": "Can add Detalle Venta", "content_type": 111, "codename": "add_detalle_venta"}}, {"model": "auth.permission", "pk": 247, "fields": {"name": "Can change Detalle Venta", "content_type": 111, "codename": "change_detalle_venta"}}, {"model": "auth.permission", "pk": 248, "fields": {"name": "Can delete Detalle Venta", "content_type": 111, "codename": "delete_detalle_venta"}}, {"model": "auth.permission", "pk": 249, "fields": {"name": "Can add Cliente", "content_type": 112, "codename": "add_cliente"}}, {"model": "auth.permission", "pk": 250, "fields": {"name": "Can change Cliente", "content_type": 112, "codename": "change_cliente"}}, {"model": "auth.permission", "pk": 251, "fields": {"name": "Can delete Cliente", "content_type": 112, "codename": "delete_cliente"}}, {"model": "auth.permission", "pk": 252, "fields": {"name": "Can add Mascota", "content_type": 113, "codename": "add_mascota"}}, {"model": "auth.permission", "pk": 253, "fields": {"name": "Can change Mascota", "content_type": 113, "codename": "change_mascota"}}, {"model": "auth.permission", "pk": 254, "fields": {"name": "Can delete Mascota", "content_type": 113, "codename": "delete_mascota"}}, {"model": "auth.permission", "pk": 255, "fields": {"name": "Can ALL mascota", "content_type": 113, "codename": "mascota"}}, {"model": "auth.permission", "pk": 256, "fields": {"name": "Can add Cola Medica", "content_type": 114, "codename": "add_colamedica"}}, {"model": "auth.permission", "pk": 257, "fields": {"name": "Can change Cola Medica", "content_type": 114, "codename": "change_colamedica"}}, {"model": "auth.permission", "pk": 258, "fields": {"name": "Can delete Cola Medica", "content_type": 114, "codename": "delete_colamedica"}}, {"model": "auth.permission", "pk": 259, "fields": {"name": "Can add diagnostico", "content_type": 115, "codename": "add_diagnostico"}}, {"model": "auth.permission", "pk": 260, "fields": {"name": "Can change diagnostico", "content_type": 115, "codename": "change_diagnostico"}}, {"model": "auth.permission", "pk": 261, "fields": {"name": "Can delete diagnostico", "content_type": 115, "codename": "delete_diagnostico"}}, {"model": "auth.permission", "pk": 262, "fields": {"name": "Can add hallasgos clinicos", "content_type": 116, "codename": "add_hallasgosclinicos"}}, {"model": "auth.permission", "pk": 263, "fields": {"name": "Can change hallasgos clinicos", "content_type": 116, "codename": "change_hallasgosclinicos"}}, {"model": "auth.permission", "pk": 264, "fields": {"name": "Can delete hallasgos clinicos", "content_type": 116, "codename": "delete_hallasgosclinicos"}}, {"model": "auth.permission", "pk": 265, "fields": {"name": "Can add pruebas", "content_type": 117, "codename": "add_pruebas"}}, {"model": "auth.permission", "pk": 266, "fields": {"name": "Can change pruebas", "content_type": 117, "codename": "change_pruebas"}}, {"model": "auth.permission", "pk": 267, "fields": {"name": "Can delete pruebas", "content_type": 117, "codename": "delete_pruebas"}}, {"model": "auth.permission", "pk": 268, "fields": {"name": "Can add tratamiento", "content_type": 118, "codename": "add_tratamiento"}}, {"model": "auth.permission", "pk": 269, "fields": {"name": "Can change tratamiento", "content_type": 118, "codename": "change_tratamiento"}}, {"model": "auth.permission", "pk": 270, "fields": {"name": "Can delete tratamiento", "content_type": 118, "codename": "delete_tratamiento"}}, {"model": "auth.permission", "pk": 271, "fields": {"name": "Can add Historia", "content_type": 119, "codename": "add_historial"}}, {"model": "auth.permission", "pk": 272, "fields": {"name": "Can change Historia", "content_type": 119, "codename": "change_historial"}}, {"model": "auth.permission", "pk": 273, "fields": {"name": "Can delete Historia", "content_type": 119, "codename": "delete_historial"}}, {"model": "auth.permission", "pk": 274, "fields": {"name": "Can add Atencione", "content_type": 120, "codename": "add_atenciones"}}, {"model": "auth.permission", "pk": 275, "fields": {"name": "Can change Atencione", "content_type": 120, "codename": "change_atenciones"}}, {"model": "auth.permission", "pk": 276, "fields": {"name": "Can delete Atencione", "content_type": 120, "codename": "delete_atenciones"}}, {"model": "auth.permission", "pk": 277, "fields": {"name": "Can add Archivo", "content_type": 121, "codename": "add_archivosadjuntos"}}, {"model": "auth.permission", "pk": 278, "fields": {"name": "Can change Archivo", "content_type": 121, "codename": "change_archivosadjuntos"}}, {"model": "auth.permission", "pk": 279, "fields": {"name": "Can delete Archivo", "content_type": 121, "codename": "delete_archivosadjuntos"}}, {"model": "auth.permission", "pk": 280, "fields": {"name": "Can add Atencion", "content_type": 122, "codename": "add_atencion"}}, {"model": "auth.permission", "pk": 281, "fields": {"name": "Can change Atencion", "content_type": 122, "codename": "change_atencion"}}, {"model": "auth.permission", "pk": 282, "fields": {"name": "Can delete Atencion", "content_type": 122, "codename": "delete_atencion"}}, {"model": "auth.permission", "pk": 283, "fields": {"name": "Can add vacunacion", "content_type": 123, "codename": "add_vacunacion"}}, {"model": "auth.permission", "pk": 284, "fields": {"name": "Can change vacunacion", "content_type": 123, "codename": "change_vacunacion"}}, {"model": "auth.permission", "pk": 285, "fields": {"name": "Can delete vacunacion", "content_type": 123, "codename": "delete_vacunacion"}}, {"model": "auth.permission", "pk": 286, "fields": {"name": "Can add Nota", "content_type": 124, "codename": "add_notas"}}, {"model": "auth.permission", "pk": 287, "fields": {"name": "Can change Nota", "content_type": 124, "codename": "change_notas"}}, {"model": "auth.permission", "pk": 288, "fields": {"name": "Can delete Nota", "content_type": 124, "codename": "delete_notas"}}, {"model": "auth.permission", "pk": 289, "fields": {"name": "Can add Consulta Diagnostico", "content_type": 125, "codename": "add_consultadiagnostico"}}, {"model": "auth.permission", "pk": 290, "fields": {"name": "Can change Consulta Diagnostico", "content_type": 125, "codename": "change_consultadiagnostico"}}, {"model": "auth.permission", "pk": 291, "fields": {"name": "Can delete Consulta Diagnostico", "content_type": 125, "codename": "delete_consultadiagnostico"}}, {"model": "auth.permission", "pk": 292, "fields": {"name": "Can add Prueba Auxiliar", "content_type": 126, "codename": "add_consultapruebasauxiliares"}}, {"model": "auth.permission", "pk": 293, "fields": {"name": "Can change Prueba Auxiliar", "content_type": 126, "codename": "change_consultapruebasauxiliares"}}, {"model": "auth.permission", "pk": 294, "fields": {"name": "Can delete Prueba Auxiliar", "content_type": 126, "codename": "delete_consultapruebasauxiliares"}}, {"model": "auth.permission", "pk": 295, "fields": {"name": "Can add Tratamiento", "content_type": 127, "codename": "add_consultatratamiento"}}, {"model": "auth.permission", "pk": 296, "fields": {"name": "Can change Tratamiento", "content_type": 127, "codename": "change_consultatratamiento"}}, {"model": "auth.permission", "pk": 297, "fields": {"name": "Can delete Tratamiento", "content_type": 127, "codename": "delete_consultatratamiento"}}, {"model": "auth.permission", "pk": 298, "fields": {"name": "Can add Evento", "content_type": 128, "codename": "add_evento"}}, {"model": "auth.permission", "pk": 299, "fields": {"name": "Can change Evento", "content_type": 128, "codename": "change_evento"}}, {"model": "auth.permission", "pk": 300, "fields": {"name": "Can delete Evento", "content_type": 128, "codename": "delete_evento"}}, {"model": "auth.permission", "pk": 301, "fields": {"name": "Can add Cita", "content_type": 129, "codename": "add_cita"}}, {"model": "auth.permission", "pk": 302, "fields": {"name": "Can change Cita", "content_type": 129, "codename": "change_cita"}}, {"model": "auth.permission", "pk": 303, "fields": {"name": "Can delete Cita", "content_type": 129, "codename": "delete_cita"}}, {"model": "auth.permission", "pk": 304, "fields": {"name": "Can add pruebas", "content_type": 130, "codename": "add_prueba"}}, {"model": "auth.permission", "pk": 305, "fields": {"name": "Can change pruebas", "content_type": 130, "codename": "change_prueba"}}, {"model": "auth.permission", "pk": 306, "fields": {"name": "Can delete pruebas", "content_type": 130, "codename": "delete_prueba"}}, {"model": "auth.permission", "pk": 307, "fields": {"name": "Can add Especie", "content_type": 131, "codename": "add_especie"}}, {"model": "auth.permission", "pk": 308, "fields": {"name": "Can change Especie", "content_type": 131, "codename": "change_especie"}}, {"model": "auth.permission", "pk": 309, "fields": {"name": "Can delete Especie", "content_type": 131, "codename": "delete_especie"}}, {"model": "auth.permission", "pk": 310, "fields": {"name": "Can add Raza", "content_type": 132, "codename": "add_raza"}}, {"model": "auth.permission", "pk": 311, "fields": {"name": "Can change Raza", "content_type": 132, "codename": "change_raza"}}, {"model": "auth.permission", "pk": 312, "fields": {"name": "Can delete Raza", "content_type": 132, "codename": "delete_raza"}}, {"model": "auth.permission", "pk": 313, "fields": {"name": "Can add Color", "content_type": 133, "codename": "add_color"}}, {"model": "auth.permission", "pk": 314, "fields": {"name": "Can change Color", "content_type": 133, "codename": "change_color"}}, {"model": "auth.permission", "pk": 315, "fields": {"name": "Can delete Color", "content_type": 133, "codename": "delete_color"}}, {"model": "auth.permission", "pk": 316, "fields": {"name": "Can view clivet/dashboard", "content_type": 135, "codename": "dashboards"}}, {"model": "auth.permission", "pk": 317, "fields": {"name": "Can ALL colamedica", "content_type": 114, "codename": "colamedica"}}, {"model": "auth.permission", "pk": 318, "fields": {"name": "Can ALL ventas", "content_type": 110, "codename": "ventas"}}, {"model": "auth.permission", "pk": 319, "fields": {"name": "Can ALL venta", "content_type": 110, "codename": "venta"}}, {"model": "auth.permission", "pk": 320, "fields": {"name": "Can ALL clientes", "content_type": 112, "codename": "clientes"}}, {"model": "auth.permission", "pk": 321, "fields": {"name": "Can LIST perfil", "content_type": 113, "codename": "mascota_perfil"}}, {"model": "auth.permission", "pk": 322, "fields": {"name": "Can ALL historia", "content_type": 119, "codename": "historia"}}, {"model": "auth.permission", "pk": 323, "fields": {"name": "Can ALL atenciones", "content_type": 120, "codename": "atenciones"}}, {"model": "auth.permission", "pk": 324, "fields": {"name": "Can ALL atencion", "content_type": 122, "codename": "atencion"}}, {"model": "auth.permission", "pk": 325, "fields": {"name": "Can ALL vacunaciones", "content_type": 123, "codename": "vacunaciones"}}, {"model": "auth.permission", "pk": 326, "fields": {"name": "Can ALL cliente", "content_type": 112, "codename": "cliente"}}, {"model": "auth.permission", "pk": 327, "fields": {"name": "Can ALL proveedor", "content_type": 102, "codename": "proveedor"}}, {"model": "auth.permission", "pk": 328, "fields": {"name": "Can ALL compra", "content_type": 103, "codename": "compra"}}, {"model": "auth.permission", "pk": 329, "fields": {"name": "Can ALL detallecompra", "content_type": 104, "codename": "detallecompra"}}, {"model": "auth.permission", "pk": 330, "fields": {"name": "Can ALL producto", "content_type": 109, "codename": "producto"}}, {"model": "auth.permission", "pk": 331, "fields": {"name": "Can ALL detalle_venta", "content_type": 111, "codename": "detalle_venta"}}, {"model": "auth.permission", "pk": 332, "fields": {"name": "Can add Antiparasitarios", "content_type": 136, "codename": "add_antiparasitario"}}, {"model": "auth.permission", "pk": 333, "fields": {"name": "Can change Antiparasitarios", "content_type": 136, "codename": "change_antiparasitario"}}, {"model": "auth.permission", "pk": 334, "fields": {"name": "Can delete Antiparasitarios", "content_type": 136, "codename": "delete_antiparasitario"}}, {"model": "auth.permission", "pk": 335, "fields": {"name": "Can add Servicios", "content_type": 137, "codename": "add_servicios"}}, {"model": "auth.permission", "pk": 336, "fields": {"name": "Can change Servicios", "content_type": 137, "codename": "change_servicios"}}, {"model": "auth.permission", "pk": 337, "fields": {"name": "Can delete Servicios", "content_type": 137, "codename": "delete_servicios"}}, {"model": "auth.permission", "pk": 338, "fields": {"name": "Can add Vacunas", "content_type": 138, "codename": "add_vacunas"}}, {"model": "auth.permission", "pk": 339, "fields": {"name": "Can change Vacunas", "content_type": 138, "codename": "change_vacunas"}}, {"model": "auth.permission", "pk": 340, "fields": {"name": "Can delete Vacunas", "content_type": 138, "codename": "delete_vacunas"}}, {"model": "auth.group", "pk": 1, "fields": {"name": "MASTER", "permissions": [56, 153, 154, 155, 159, 160, 161, 156, 157, 158, 301, 302, 303, 298, 299, 300, 277, 278, 279, 280, 324, 281, 282, 274, 323, 275, 276, 249, 250, 326, 320, 251, 256, 257, 317, 258, 289, 290, 291, 292, 293, 294, 295, 296, 297, 259, 260, 261, 262, 263, 264, 271, 272, 273, 322, 252, 253, 254, 255, 321, 286, 287, 288, 265, 266, 267, 268, 269, 270, 283, 284, 285, 325, 55, 316, 222, 223, 328, 224, 225, 226, 227, 329, 219, 220, 221, 327, 313, 314, 315, 307, 308, 309, 304, 305, 306, 310, 311, 312, 162, 163, 164, 171, 172, 173, 174, 175, 176, 6, 195, 196, 197, 216, 10, 217, 218, 201, 202, 203, 8, 198, 199, 200, 7, 213, 214, 215, 9, 189, 190, 191, 1, 210, 211, 212, 204, 205, 206, 207, 208, 209, 192, 193, 194, 165, 166, 167, 168, 169, 170, 180, 3, 181, 182, 183, 184, 185, 4, 186, 187, 188, 5, 177, 178, 179, 2, 100, 231, 232, 233, 228, 229, 230, 246, 247, 248, 331, 240, 241, 242, 330, 237, 238, 239, 234, 235, 236, 243, 244, 245, 319, 318]}}, {"model": "auth.group", "pk": 10, "fields": {"name": "VETERINARIO", "permissions": [56, 301, 302, 303, 298, 299, 300, 277, 278, 279, 280, 324, 281, 282, 274, 323, 275, 276, 249, 250, 326, 320, 251, 256, 257, 317, 258, 289, 290, 291, 292, 293, 294, 295, 296, 297, 259, 260, 261, 262, 263, 264, 271, 272, 273, 322, 252, 253, 254, 255, 321, 286, 287, 288, 265, 266, 267, 268, 269, 270, 283, 284, 285, 325, 55, 316, 241, 330, 319, 318]}}, {"model": "auth.group", "pk": 11, "fields": {"name": "GERENTE VENTAS", "permissions": [249, 250, 326, 320, 251, 55, 316, 246, 247, 248, 331, 330, 243, 244, 245, 319, 318]}}, {"model": "auth.group", "pk": 12, "fields": {"name": "VENDEDOR/RECEPCIONISTA", "permissions": [56, 301, 302, 303, 298, 299, 300, 249, 250, 326, 320, 251, 256, 257, 317, 258, 271, 272, 273, 322, 252, 253, 254, 255, 321, 286, 55, 316, 231, 228, 246, 247, 248, 331, 240, 241, 242, 330, 237, 234, 243, 244, 245, 319, 318]}}, {"model": "auth.group", "pk": 13, "fields": {"name": "RRHH", "permissions": [249, 250, 326, 320, 251, 219, 220, 221, 327, 189, 1]}}, {"model": "auth.group", "pk": 14, "fields": {"name": "GERENTE ASOCIACION", "permissions": [180, 3, 181, 182, 183, 4, 186, 5]}}, {"model": "auth.group", "pk": 15, "fields": {"name": "GERENTE DE LA EMPRESA", "permissions": [1, 183, 184, 4, 186, 5]}}, {"model": "auth.group", "pk": 16, "fields": {"name": "ADMINISTRADOR", "permissions": [324, 323, 249, 326, 320, 317, 322, 255, 321, 325, 55, 316, 219, 220, 221, 327, 186, 187, 188, 5, 331, 330, 319, 318]}}, {"model": "auth.group", "pk": 17, "fields": {"name": "ALMACENERO", "permissions": [222, 223, 328, 224, 225, 226, 227, 329, 219, 220, 221, 327]}}, {"model": "sessions.session", "pk": "0f144qjybl1d6livjjniqkmsnuj3m4b1", "fields": {"session_data": "ODFhYjU0MWM0ZTVmYmM5NTk5MTM4OTIzZDlkZDNlNDRlM2VjNGI3YjqABJXMAAAAAAAAAH2UKIwSX2F1dGhfdXNlcl9iYWNrZW5klIwpZGphbmdvLmNvbnRyaWIuYXV0aC5iYWNrZW5kcy5Nb2RlbEJhY2tlbmSUjA1lbnRlcnByaXNlX2lklEsBjAtoZWFkcXVhcl9pZJRLA4wNX2F1dGhfdXNlcl9pZJSMATGUjA9fYXV0aF91c2VyX2hhc2iUjCg5ZDdjZTJmZTdmZjI4YWQxYWVlZGNiMzZjNWY0YzhkZmI4MTg0MTlilIwOYXNzb2NpYXRpb25faWSUSwF1Lg==", "expire_date": "2017-07-12T00:20:40.804Z"}}, {"model": "sessions.session", "pk": "0tbshldk5dpq9nftmkcimn28u19i4r1b", "fields": {"session_data": "Njg3MDE5Yjc4ZDhlOWQ5YTVhNGM5NGRmMmMxZTRkNDMyOGI2MDBkZjqABJXgAAAAAAAAAH2UKIwSX2F1dGhfdXNlcl9iYWNrZW5klIwpZGphbmdvLmNvbnRyaWIuYXV0aC5iYWNrZW5kcy5Nb2RlbEJhY2tlbmSUjAtoZWFkcXVhcl9pZJRLAYwPX3Nlc3Npb25fZXhwaXJ5lEsAjA1fYXV0aF91c2VyX2lklIwBMZSMD19hdXRoX3VzZXJfaGFzaJSMKDlkN2NlMmZlN2ZmMjhhZDFhZWVkY2IzNmM1ZjRjOGRmYjgxODQxOWKUjA5hc3NvY2lhdGlvbl9pZJRLAYwNZW50ZXJwcmlzZV9pZJRLAXUu", "expire_date": "2017-07-10T08:12:37.589Z"}}, {"model": "sessions.session", "pk": "6x9r62uhcpxkdapqw25yhj8ou30k743o", "fields": {"session_data": "NzJmYjY1YjdjMGY1ZTViNzNiMjk5ZTAwNzhlMTljN2ZlNDkyMzk2ZDp7ImFzc29jaWF0aW9uX2lkIjoxLCJlbnRlcnByaXNlX2lkIjoxLCJfYXV0aF91c2VyX2JhY2tlbmQiOiJkamFuZ28uY29udHJpYi5hdXRoLmJhY2tlbmRzLk1vZGVsQmFja2VuZCIsImhlYWRxdWFyX2lkIjoxLCJfYXV0aF91c2VyX2hhc2giOiIxZGEyNGY1ZjRlOGRmODE2YzMwNWZiYjQ2MTE3YjEyMDA0ZTBkYzdiIiwiX2F1dGhfdXNlcl9pZCI6IjEiLCJfc2Vzc2lvbl9leHBpcnkiOjB9", "expire_date": "2016-04-12T21:47:32.812Z"}}, {"model": "sessions.session", "pk": "aaj954gahtdhtpjz0m39hkifkcy20oel", "fields": {"session_data": "YTMwYzFmMjMwMWFlNWE3OGYwNWUzNWRiOGExMWNiZDkyZjY2YjZjMzqABJWrAAAAAAAAAH2UKIwNX2F1dGhfdXNlcl9pZJSMATGUjA9fc2Vzc2lvbl9leHBpcnmUSwCMEl9hdXRoX3VzZXJfYmFja2VuZJSMKWRqYW5nby5jb250cmliLmF1dGguYmFja2VuZHMuTW9kZWxCYWNrZW5klIwPX2F1dGhfdXNlcl9oYXNolIwoOWQ3Y2UyZmU3ZmYyOGFkMWFlZWRjYjM2YzVmNGM4ZGZiODE4NDE5YpR1Lg==", "expire_date": "2017-07-12T20:06:33.142Z"}}, {"model": "sessions.session", "pk": "b5aca30aeivefqj7xaxivvckui2q6923", "fields": {"session_data": "NTU3MmEzNTk4YzFmNzAwMzdhNzlmOWY4YWI1NDc2NmIxZWExOTg3ODqABJWrAAAAAAAAAH2UKIwSX2F1dGhfdXNlcl9iYWNrZW5klIwpZGphbmdvLmNvbnRyaWIuYXV0aC5iYWNrZW5kcy5Nb2RlbEJhY2tlbmSUjA9fYXV0aF91c2VyX2hhc2iUjCg5ZDdjZTJmZTdmZjI4YWQxYWVlZGNiMzZjNWY0YzhkZmI4MTg0MTlilIwNX2F1dGhfdXNlcl9pZJSMATGUjA9fc2Vzc2lvbl9leHBpcnmUSwB1Lg==", "expire_date": "2017-07-13T16:46:31.658Z"}}, {"model": "sessions.session", "pk": "bw9sqgdmxt9v0alipjh87vkq775xxy4l", "fields": {"session_data": "MmIyZmVmYWI5MWI2NmVlOWQ3OWMzNDQ1N2ZmZGU1MjdjZmMyMTdjNTqABJWrAAAAAAAAAH2UKIwPX2F1dGhfdXNlcl9oYXNolIwoOWQ3Y2UyZmU3ZmYyOGFkMWFlZWRjYjM2YzVmNGM4ZGZiODE4NDE5YpSMDV9hdXRoX3VzZXJfaWSUjAExlIwSX2F1dGhfdXNlcl9iYWNrZW5klIwpZGphbmdvLmNvbnRyaWIuYXV0aC5iYWNrZW5kcy5Nb2RlbEJhY2tlbmSUjA9fc2Vzc2lvbl9leHBpcnmUSwB1Lg==", "expire_date": "2017-07-13T17:21:07.528Z"}}, {"model": "sessions.session", "pk": "ecj21qkqs4ue3m7v0beqfvxwq4ign2o0", "fields": {"session_data": "ZTk4NWE1MmVhYzI4Yjk0MDg0NDI1YmM5ZWExY2RlZTNkMTk4ZWQ1ZTp7Il9hdXRoX3VzZXJfaGFzaCI6ImQ1N2JiNjkxYzhjZGM0YWUzNjI5ZmVlYjg5MDU5NWIzNTBlNDRhOGUiLCJfYXV0aF91c2VyX2JhY2tlbmQiOiJkamFuZ28uY29udHJpYi5hdXRoLmJhY2tlbmRzLk1vZGVsQmFja2VuZCIsIl9hdXRoX3VzZXJfaWQiOjF9", "expire_date": "2014-10-09T11:52:40.096Z"}}, {"model": "sessions.session", "pk": "j79qzriozskhvzggfgxeq0abh9tna653", "fields": {"session_data": "MDBiN2RiYTEzYWIwYWVjNTQ5OWUzYTJkMDkyOTg2M2JjNzNkMWUwMjqABJXgAAAAAAAAAH2UKIwPX3Nlc3Npb25fZXhwaXJ5lEsAjA1lbnRlcnByaXNlX2lklEsBjA1fYXV0aF91c2VyX2lklIwBMZSMEl9hdXRoX3VzZXJfYmFja2VuZJSMKWRqYW5nby5jb250cmliLmF1dGguYmFja2VuZHMuTW9kZWxCYWNrZW5klIwOYXNzb2NpYXRpb25faWSUSwGMC2hlYWRxdWFyX2lklEsBjA9fYXV0aF91c2VyX2hhc2iUjCg5ZDdjZTJmZTdmZjI4YWQxYWVlZGNiMzZjNWY0YzhkZmI4MTg0MTlilHUu", "expire_date": "2017-07-10T02:24:57.228Z"}}, {"model": "sessions.session", "pk": "kgtpia5a0l9f7oyrrepuhkkk4n36z360", "fields": {"session_data": "NTIwMTkzM2FlNjU4MDY5NzdiMDE0ZTk5ZjBiODVmOGVmOTUxMzkzYzqABJXgAAAAAAAAAH2UKIwPX3Nlc3Npb25fZXhwaXJ5lEsAjA5hc3NvY2lhdGlvbl9pZJRLAYwNZW50ZXJwcmlzZV9pZJRLAYwNX2F1dGhfdXNlcl9pZJSMATGUjAtoZWFkcXVhcl9pZJRLAYwSX2F1dGhfdXNlcl9iYWNrZW5klIwpZGphbmdvLmNvbnRyaWIuYXV0aC5iYWNrZW5kcy5Nb2RlbEJhY2tlbmSUjA9fYXV0aF91c2VyX2hhc2iUjCg5ZDdjZTJmZTdmZjI4YWQxYWVlZGNiMzZjNWY0YzhkZmI4MTg0MTlilHUu", "expire_date": "2017-07-02T03:12:47.438Z"}}, {"model": "sessions.session", "pk": "kx7da39szqcdk3szgtrexjysfi7uoq56", "fields": {"session_data": "NzUzZGQ4M2U2Yzk2YmIxMjAxOTcwMDA1Y2Q4ZDExYjExZjZhYWYxZDqABJXgAAAAAAAAAH2UKIwNX2F1dGhfdXNlcl9pZJSMATKUjA9fc2Vzc2lvbl9leHBpcnmUSwCMDmFzc29jaWF0aW9uX2lklEsBjA1lbnRlcnByaXNlX2lklEsBjA9fYXV0aF91c2VyX2hhc2iUjCg3MGI3MGUxNDc1OWFlYmExZmNlOTQwMDJhZGZjYjA1YjQ5YTE4YTAzlIwLaGVhZHF1YXJfaWSUSwGMEl9hdXRoX3VzZXJfYmFja2VuZJSMKWRqYW5nby5jb250cmliLmF1dGguYmFja2VuZHMuTW9kZWxCYWNrZW5klHUu", "expire_date": "2017-07-04T16:36:11.468Z"}}, {"model": "sessions.session", "pk": "loom62u50yfk06sayv3vqnpeqjzx35o6", "fields": {"session_data": "MWRiNzY4ZTE4ZjU3N2VjMDBiNWZmMDEzY2Y5M2U5MmRjM2ZlZGU2MjqABJWrAAAAAAAAAH2UKIwPX3Nlc3Npb25fZXhwaXJ5lEsAjA1fYXV0aF91c2VyX2lklIwBMZSMD19hdXRoX3VzZXJfaGFzaJSMKDlkN2NlMmZlN2ZmMjhhZDFhZWVkY2IzNmM1ZjRjOGRmYjgxODQxOWKUjBJfYXV0aF91c2VyX2JhY2tlbmSUjClkamFuZ28uY29udHJpYi5hdXRoLmJhY2tlbmRzLk1vZGVsQmFja2VuZJR1Lg==", "expire_date": "2017-07-13T15:20:26.462Z"}}, {"model": "sessions.session", "pk": "lzqs86oj2yjswyb8wqaxvvlgubbgzs72", "fields": {"session_data": "N2MzZTQyMTI4NDk0Y2I4YzVhOTI4ZjU4ZDhkMWQ4OGViOWU3YTk5NjqABJXgAAAAAAAAAH2UKIwNZW50ZXJwcmlzZV9pZJRLAYwLaGVhZHF1YXJfaWSUSwGMEl9hdXRoX3VzZXJfYmFja2VuZJSMKWRqYW5nby5jb250cmliLmF1dGguYmFja2VuZHMuTW9kZWxCYWNrZW5klIwNX2F1dGhfdXNlcl9pZJSMATGUjA5hc3NvY2lhdGlvbl9pZJRLAYwPX2F1dGhfdXNlcl9oYXNolIwoOWQ3Y2UyZmU3ZmYyOGFkMWFlZWRjYjM2YzVmNGM4ZGZiODE4NDE5YpSMD19zZXNzaW9uX2V4cGlyeZRLAHUu", "expire_date": "2017-07-02T06:25:22.975Z"}}, {"model": "sessions.session", "pk": "o0nvmrw8vaquojj2dn4av7j0pmyo7ymz", "fields": {"session_data": "NjNiOGIxODhkMTc4ZTQ3ZTAxZjgyMTVhZTU2MTM3ZTdkYzE1MDRjNzp7Il9hdXRoX3VzZXJfaWQiOiIxIiwiX2F1dGhfdXNlcl9oYXNoIjoiMWRhMjRmNWY0ZThkZjgxNmMzMDVmYmI0NjExN2IxMjAwNGUwZGM3YiIsIl9zZXNzaW9uX2V4cGlyeSI6MCwiYXNzb2NpYXRpb25faWQiOjEsIl9hdXRoX3VzZXJfYmFja2VuZCI6ImRqYW5nby5jb250cmliLmF1dGguYmFja2VuZHMuTW9kZWxCYWNrZW5kIiwiaGVhZHF1YXJfaWQiOjEsImVudGVycHJpc2VfaWQiOjF9", "expire_date": "2016-04-12T21:31:59.719Z"}}, {"model": "sessions.session", "pk": "tnt17ei2512353xodxhpc0rwaj28q78v", "fields": {"session_data": "NWZiNzVmZWJmNTU0YjMwNTZkNDNhYmRjYTU3ZGRhNGFjMjBjOGIzNTqABJXgAAAAAAAAAH2UKIwSX2F1dGhfdXNlcl9iYWNrZW5klIwpZGphbmdvLmNvbnRyaWIuYXV0aC5iYWNrZW5kcy5Nb2RlbEJhY2tlbmSUjA1fYXV0aF91c2VyX2lklIwBMpSMC2hlYWRxdWFyX2lklEsBjA1lbnRlcnByaXNlX2lklEsBjA9fYXV0aF91c2VyX2hhc2iUjCg3MGI3MGUxNDc1OWFlYmExZmNlOTQwMDJhZGZjYjA1YjQ5YTE4YTAzlIwPX3Nlc3Npb25fZXhwaXJ5lEsAjA5hc3NvY2lhdGlvbl9pZJRLAXUu", "expire_date": "2017-07-12T00:19:08.910Z"}}, {"model": "sessions.session", "pk": "u6oi0z18374c5iqswgv6fptsx7oefg7o", "fields": {"session_data": "YjU4Y2JkMTUwZmQ2NGE2ZDkyMWFhNmQ2MTJhOGY1YjU3MjAyYzU3YjqABJXgAAAAAAAAAH2UKIwSX2F1dGhfdXNlcl9iYWNrZW5klIwpZGphbmdvLmNvbnRyaWIuYXV0aC5iYWNrZW5kcy5Nb2RlbEJhY2tlbmSUjA9fYXV0aF91c2VyX2hhc2iUjCg5ZDdjZTJmZTdmZjI4YWQxYWVlZGNiMzZjNWY0YzhkZmI4MTg0MTlilIwNX2F1dGhfdXNlcl9pZJSMATGUjA5hc3NvY2lhdGlvbl9pZJRLAYwLaGVhZHF1YXJfaWSUSwGMDWVudGVycHJpc2VfaWSUSwGMD19zZXNzaW9uX2V4cGlyeZRLAHUu", "expire_date": "2017-07-11T23:32:09.846Z"}}, {"model": "sessions.session", "pk": "wqt6x7sp27mkonz4djsltca2zzh3fvke", "fields": {"session_data": "ZDQ1N2YzODdhNDk1YWMzODE5Y2RlNWIwNTVjNzdlYTJiMjFiOTYxZjqABJWrAAAAAAAAAH2UKIwSX2F1dGhfdXNlcl9iYWNrZW5klIwpZGphbmdvLmNvbnRyaWIuYXV0aC5iYWNrZW5kcy5Nb2RlbEJhY2tlbmSUjA9fYXV0aF91c2VyX2hhc2iUjCg5ZDdjZTJmZTdmZjI4YWQxYWVlZGNiMzZjNWY0YzhkZmI4MTg0MTlilIwPX3Nlc3Npb25fZXhwaXJ5lEsAjA1fYXV0aF91c2VyX2lklIwBMZR1Lg==", "expire_date": "2017-07-10T00:17:55.135Z"}}, {"model": "sites.site", "pk": 1, "fields": {"domain": "localhost:8000", "name": "localhost:8000"}}, {"model": "params.person", "pk": 1, "fields": {"identity_type": "NID", "identity_num": "76456716", "first_name": "Rusbel Neftali", "last_name": "Ccana Yucra", "birth_date": null, "photo": "persons/default.png"}}, {"model": "params.person", "pk": 2, "fields": {"identity_type": "NID", "identity_num": "", "first_name": "admin", "last_name": "admin", "birth_date": null, "photo": "persons/default.png"}}, {"model": "params.person", "pk": 3, "fields": {"identity_type": "NID", "identity_num": "76456714", "first_name": "Washinton", "last_name": "Machaca", "birth_date": null, "photo": "persons/default.png"}}, {"model": "params.person", "pk": 4, "fields": {"identity_type": "NID", "identity_num": "75434532", "first_name": "Fausto", "last_name": "Castillo Cardenaz", "birth_date": "1999-06-16", "photo": ""}}, {"model": "params.person", "pk": 5, "fields": {"identity_type": "FC", "identity_num": "213213213", "first_name": "Yuselenin", "last_name": "Jihua\u00f1a", "birth_date": null, "photo": ""}}, {"model": "space.solution", "pk": 1, "fields": {"name": "Shomware Ultimate", "description": "Limitado para ventas", "price": null, "is_active": true, "created_at": "2013-10-31T04:52:44Z", "updated_at": "2013-11-13T05:03:19Z", "test_image": "test_images/default.png", "test_date": null}}, {"model": "space.solution", "pk": 2, "fields": {"name": "Shomware Basic", "description": "Backend + Ventas", "price": null, "is_active": true, "created_at": "2013-10-31T04:53:33Z", "updated_at": "2014-09-10T12:58:36.219Z", "test_image": "test_images/default.png", "test_date": null}}, {"model": "space.association", "pk": 1, "fields": {"name": "Asociaci\u00f3n 1", "logo": "associations/default.png", "type_a": "PRIVATE", "is_active": true, "is_actived": false, "created_at": "2016-03-29T21:23:47.670Z", "updated_at": "2017-06-18T05:24:03.799Z", "solution": 1}}, {"model": "space.association", "pk": 2, "fields": {"name": "De constructores", "logo": "associations/default.png", "type_a": "PRIVATE", "is_active": true, "is_actived": false, "created_at": "2017-06-27T23:06:39.884Z", "updated_at": "2017-06-27T23:06:39.884Z", "solution": 1}}, {"model": "space.enterprise", "pk": 1, "fields": {"name": "Empresa 1", "logo": "enterprises/default.png", "tax_id": "1", "type_e": "PRIVATE", "is_active": true, "is_actived": false, "created_at": "2016-03-29T21:23:47.674Z", "updated_at": "2016-03-29T21:55:24.826Z", "solution": 1}}, {"model": "space.enterprise", "pk": 2, "fields": {"name": "Choclitos", "logo": "enterprises/default.png", "tax_id": "2", "type_e": "PRIVATE", "is_active": true, "is_actived": false, "created_at": "2017-06-27T23:06:39.887Z", "updated_at": "2017-06-27T23:06:39.921Z", "solution": 1}}, {"model": "space.enterprise", "pk": 3, "fields": {"name": "Zapatitos SAC", "logo": "enterprises/default.png", "tax_id": "3", "type_e": "PRIVATE", "is_active": true, "is_actived": false, "created_at": "2017-06-28T00:18:24.559Z", "updated_at": "2017-06-28T00:18:24.563Z", "solution": 2}}, {"model": "space.headquar", "pk": 1, "fields": {"name": "Principal", "phone": "", "address": "", "is_main": false, "is_active": true, "is_actived": false, "created_at": "2016-03-29T21:23:47.677Z", "updated_at": "2017-06-28T00:19:29.058Z", "association": 1, "enterprise": 1}}, {"model": "space.headquar", "pk": 2, "fields": {"name": "Principal", "phone": null, "address": null, "is_main": false, "is_active": true, "is_actived": false, "created_at": "2017-06-27T23:06:39.891Z", "updated_at": "2017-06-27T23:06:39.891Z", "association": 2, "enterprise": 2}}, {"model": "space.headquar", "pk": 3, "fields": {"name": "Clinica Pet Shop", "phone": "996020244", "address": "jr. JUnin 410", "is_main": false, "is_active": true, "is_actived": false, "created_at": "2017-06-27T23:55:45.739Z", "updated_at": "2017-06-27T23:57:28.976Z", "association": 1, "enterprise": 1}}, {"model": "space.headquar", "pk": 4, "fields": {"name": "Principal", "phone": null, "address": null, "is_main": false, "is_active": true, "is_actived": false, "created_at": "2017-06-28T00:18:24.561Z", "updated_at": "2017-06-28T00:18:24.561Z", "association": 1, "enterprise": 3}}, {"model": "sad.user", "pk": 1, "fields": {"password": "pbkdf2_sha256$24000$tDeQbJFPKOvF$06U7NCj32addEL7Z2d1xvU9H2J1Q/o0oEB1fyaIyJlE=", "last_login": "2017-06-29T17:21:07.453Z", "is_superuser": true, "username": "admin", "first_name": "admin", "last_name": "admin", "email": "", "is_staff": true, "is_active": true, "date_joined": "2014-09-25T11:03:03.450Z", "last_headquar_id": "3", "last_module_id": "12", "person": 2, "groups": [1, 10, 11, 12], "user_permissions": []}}, {"model": "sad.user", "pk": 2, "fields": {"password": "pbkdf2_sha256$24000$f4dkOWeLr5uE$xsqpjeyzArtxxnC4V6LmNhgxiPyxLOUVCBtNX56Z1Zo=", "last_login": "2017-06-28T00:19:08.730Z", "is_superuser": false, "username": "rusbel", "first_name": "Rusbel Neftali", "last_name": "Ccana Yucra", "email": "rusbel.ccana@gmail.com", "is_staff": false, "is_active": true, "date_joined": "2017-06-18T02:55:03Z", "last_headquar_id": "1", "last_module_id": "12", "person": 1, "groups": [15], "user_permissions": [277, 278, 279, 280, 281, 282, 274, 275, 276, 249, 250, 251, 256, 257, 258, 289, 290, 291, 292, 293, 294, 295, 296, 297, 259, 260, 261, 262, 263, 264, 271, 272, 273, 252, 253, 254, 255, 286, 287, 288, 265, 266, 267, 268, 269, 270, 283, 284, 285]}}, {"model": "sad.user", "pk": 3, "fields": {"password": "pbkdf2_sha256$24000$TaMR1tDHkNAu$iN9z15V9f4QyWbmkVh3WkdtOuFFguRez1KatFNMiuLw=", "last_login": "2017-06-27T23:22:59.478Z", "is_superuser": false, "username": "washinton", "first_name": "Washinton", "last_name": "Machaca", "email": "", "is_staff": false, "is_active": true, "date_joined": "2017-06-18T05:15:52.788Z", "last_headquar_id": "1", "last_module_id": "13", "person": 3, "groups": [10], "user_permissions": []}}, {"model": "sad.userstatus", "pk": 1, "fields": {"status": "ON", "description": "Alta", "user": 1, "created_at": "2014-09-16T01:18:48.406Z", "updated_at": "2014-09-16T01:18:48.406Z"}}, {"model": "sad.userstatus", "pk": 2, "fields": {"status": "ON", "description": "Alta", "user": 1, "created_at": "2016-03-29T21:20:34.492Z", "updated_at": "2016-03-29T21:20:34.492Z"}}, {"model": "sad.userstatus", "pk": 3, "fields": {"status": "ON", "description": "Alta", "user": 2, "created_at": "2017-06-18T02:55:03.901Z", "updated_at": "2017-06-18T02:55:03.901Z"}}, {"model": "sad.userstatus", "pk": 4, "fields": {"status": "ON", "description": "Alta", "user": 3, "created_at": "2017-06-18T05:15:52.850Z", "updated_at": "2017-06-18T05:15:52.850Z"}}, {"model": "sad.userstatus", "pk": 5, "fields": {"status": "OFF", "description": "d", "user": 2, "created_at": "2017-06-27T23:21:46.340Z", "updated_at": "2017-06-27T23:21:46.340Z"}}, {"model": "sad.userstatus", "pk": 6, "fields": {"status": "ON", "description": "d", "user": 2, "created_at": "2017-06-27T23:21:58.546Z", "updated_at": "2017-06-27T23:21:58.546Z"}}, {"model": "sad.module", "pk": 12, "fields": {"module": "BACKEND", "name": "BACKEND", "is_active": true, "icon": null, "description": "", "created_at": "2017-06-18T05:53:02.143Z", "updated_at": "2017-06-27T23:50:44.226Z", "solutions": [2, 1], "groups": [16, 14, 15, 1], "initial_groups": [1, 16, 14, 15]}}, {"model": "sad.module", "pk": 13, "fields": {"module": "CLINICA", "name": "Clinica", "is_active": true, "icon": null, "description": "", "created_at": "2017-06-18T05:53:16.341Z", "updated_at": "2017-06-27T23:49:18.029Z", "solutions": [2, 1], "groups": [10, 16, 17, 11, 12, 13, 15], "initial_groups": [10, 16, 17, 11, 12, 13, 15]}}, {"model": "sad.module", "pk": 14, "fields": {"module": "VENTAS", "name": "Ventas", "is_active": true, "icon": null, "description": "", "created_at": "2017-06-18T05:53:32.073Z", "updated_at": "2017-06-18T05:53:32.307Z", "solutions": [1], "groups": [11, 12], "initial_groups": [11, 12]}}, {"model": "sad.menu", "pk": 3, "fields": {"module": "BACKEND", "title": "System", "url": "#", "pos": 700, "icon": "fa fa-cogs", "is_active": true, "description": null, "created_at": "2014-09-08T11:16:49.783Z", "updated_at": "2014-09-09T20:09:33.607Z", "permission": null, "parent": null}}, {"model": "sad.menu", "pk": 4, "fields": {"module": "BACKEND", "title": "Menus", "url": "sad/menu/index/", "pos": 707, "icon": "fa fa-align-justify", "is_active": true, "description": null, "created_at": "2014-09-09T20:09:24.076Z", "updated_at": "2014-09-09T20:09:24.086Z", "permission": 8, "parent": 3}}, {"model": "sad.menu", "pk": 8, "fields": {"module": "BACKEND", "title": "Solutions", "url": "space/solution/index/", "pos": 704, "icon": "fa fa-wrench", "is_active": true, "description": null, "created_at": "2014-09-10T11:11:37.798Z", "updated_at": "2014-09-10T11:20:59.630Z", "permission": 2, "parent": 3}}, {"model": "sad.menu", "pk": 9, "fields": {"module": "BACKEND", "title": "Modules", "url": "sad/module/index", "pos": 705, "icon": "fa fa-cubes", "is_active": true, "description": null, "created_at": "2014-09-10T11:19:00.946Z", "updated_at": "2014-09-10T11:21:12.751Z", "permission": 7, "parent": 3}}, {"model": "sad.menu", "pk": 11, "fields": {"module": "BACKEND", "title": "Dashboard", "url": "#", "pos": 100, "icon": "fa fa-home", "is_active": true, "description": null, "created_at": "2014-09-10T11:22:34.792Z", "updated_at": "2014-09-10T11:27:36.015Z", "permission": null, "parent": null}}, {"model": "sad.menu", "pk": 12, "fields": {"module": "BACKEND", "title": "Dashboard", "url": "mod_backend/dashboard/", "pos": 101, "icon": "fa fa-home", "is_active": true, "description": null, "created_at": "2014-09-10T11:23:26.226Z", "updated_at": "2014-09-10T11:23:26.708Z", "permission": 55, "parent": 11}}, {"model": "sad.menu", "pk": 13, "fields": {"module": "BACKEND", "title": "account", "url": "#", "pos": 601, "icon": "fa fa-user", "is_active": true, "description": null, "created_at": "2014-09-10T11:28:51.622Z", "updated_at": "2014-09-10T11:30:18.960Z", "permission": null, "parent": null}}, {"model": "sad.menu", "pk": 14, "fields": {"module": "BACKEND", "title": "Association", "url": "space/association/edit_current/", "pos": 601, "icon": "fa fa-slideshare", "is_active": true, "description": null, "created_at": "2014-09-10T11:29:42.782Z", "updated_at": "2014-09-10T11:47:39.559Z", "permission": 3, "parent": 13}}, {"model": "sad.menu", "pk": 15, "fields": {"module": "BACKEND", "title": "Enterprises", "url": "space/enterprise/index/", "pos": 602, "icon": "fa fa-cloud", "is_active": true, "description": null, "created_at": "2014-09-10T11:37:19.209Z", "updated_at": "2014-09-10T11:45:25.786Z", "permission": 4, "parent": 13}}, {"model": "sad.menu", "pk": 16, "fields": {"module": "BACKEND", "title": "Enterprise", "url": "space/enterprise/edit_current/", "pos": 603, "icon": "fa fa-institution", "is_active": true, "description": null, "created_at": "2014-09-10T11:44:49.436Z", "updated_at": "2014-09-10T11:45:01.378Z", "permission": 4, "parent": 13}}, {"model": "sad.menu", "pk": 17, "fields": {"module": "BACKEND", "title": "Headquarters", "url": "space/headquar/index/", "pos": 604, "icon": "fa fa-sitemap", "is_active": true, "description": null, "created_at": "2014-09-10T11:59:59.931Z", "updated_at": "2014-09-10T11:59:59.979Z", "permission": 5, "parent": 13}}, {"model": "sad.menu", "pk": 18, "fields": {"module": "BACKEND", "title": "Users", "url": "sad/user/index/", "pos": 605, "icon": "fa fa-users", "is_active": true, "description": null, "created_at": "2014-09-10T12:00:43.304Z", "updated_at": "2014-09-10T12:02:10.919Z", "permission": 1, "parent": 13}}, {"model": "sad.menu", "pk": 19, "fields": {"module": "BACKEND", "title": "Logs", "url": "#", "pos": 800, "icon": "fa fa-eye", "is_active": false, "description": null, "created_at": "2014-09-10T12:08:31.401Z", "updated_at": "2017-05-09T14:15:27.814Z", "permission": null, "parent": null}}, {"model": "sad.menu", "pk": 20, "fields": {"module": "BACKEND", "title": "Access", "url": "sad/access/index/", "pos": 801, "icon": "fa fa-exchange", "is_active": true, "description": null, "created_at": "2014-09-10T12:10:01.898Z", "updated_at": "2014-09-19T11:57:05.870Z", "permission": 6, "parent": 19}}, {"model": "sad.menu", "pk": 23, "fields": {"module": "BACKEND", "title": "Backups", "url": "sad/backup/index/", "pos": 804, "icon": "fa fa-hdd", "is_active": true, "description": null, "created_at": "2014-09-10T12:22:45.470Z", "updated_at": "2014-09-10T12:22:45.482Z", "permission": 10, "parent": 19}}, {"model": "sad.menu", "pk": 26, "fields": {"module": "BACKEND", "title": "Params", "url": "#", "pos": 900, "icon": "fa fa-th-list", "is_active": true, "description": null, "created_at": "2014-09-10T12:25:00.982Z", "updated_at": "2014-09-10T12:25:12.014Z", "permission": null, "parent": null}}, {"model": "sad.menu", "pk": 100, "fields": {"module": "BACKEND", "title": "Next", "url": "#", "pos": 999, "icon": "fa fa-calendar", "is_active": true, "description": null, "created_at": "2014-09-10T12:26:14.454Z", "updated_at": "2014-09-10T12:26:15.043Z", "permission": null, "parent": null}}, {"model": "sad.menu", "pk": 101, "fields": {"module": "CLINICA", "title": "Recepci\u00f3n", "url": "#", "pos": 12, "icon": "fa fa-shopping-cart", "is_active": true, "description": null, "created_at": "2017-05-09T14:17:05.084Z", "updated_at": "2017-06-27T22:14:51.159Z", "permission": null, "parent": null}}, {"model": "sad.menu", "pk": 102, "fields": {"module": "CLINICA", "title": "Ventas", "url": "clinica/colamedica/crear/", "pos": 2, "icon": "", "is_active": true, "description": null, "created_at": "2017-05-09T14:18:14.376Z", "updated_at": "2017-06-18T06:00:01.413Z", "permission": 256, "parent": 101}}, {"model": "sad.menu", "pk": 103, "fields": {"module": "CLINICA", "title": "Clinica", "url": "#", "pos": 20, "icon": "fa fa-hospital-o", "is_active": true, "description": null, "created_at": "2017-05-09T14:19:17.927Z", "updated_at": "2017-05-09T14:20:48.668Z", "permission": null, "parent": null}}, {"model": "sad.menu", "pk": 104, "fields": {"module": "CLINICA", "title": "Clientes", "url": "clinica/cliente/listar/", "pos": 31, "icon": "", "is_active": true, "description": null, "created_at": "2017-05-09T14:20:03.953Z", "updated_at": "2017-06-18T06:23:01.501Z", "permission": 320, "parent": 121}}, {"model": "sad.menu", "pk": 105, "fields": {"module": "CLINICA", "title": "Cola Medica", "url": "clinica/colamedica/listar/", "pos": 21, "icon": "", "is_active": true, "description": null, "created_at": "2017-05-09T14:22:19.879Z", "updated_at": "2017-06-18T06:00:42.383Z", "permission": 317, "parent": 103}}, {"model": "sad.menu", "pk": 106, "fields": {"module": "CLINICA", "title": "Almacen", "url": "#", "pos": 40, "icon": "fa fa-cubes", "is_active": true, "description": null, "created_at": "2017-05-10T22:40:31.201Z", "updated_at": "2017-05-16T17:33:24.725Z", "permission": null, "parent": null}}, {"model": "sad.menu", "pk": 107, "fields": {"module": "CLINICA", "title": "Productos", "url": "ventas/producto/listar/", "pos": 42, "icon": "", "is_active": true, "description": null, "created_at": "2017-05-10T22:44:22.908Z", "updated_at": "2017-06-26T02:40:58.910Z", "permission": 330, "parent": 106}}, {"model": "sad.menu", "pk": 108, "fields": {"module": "CLINICA", "title": "Configuraciones", "url": "#", "pos": 90, "icon": "fa fa-gears", "is_active": true, "description": null, "created_at": "2017-05-14T21:39:00.029Z", "updated_at": "2017-05-16T17:40:51.529Z", "permission": null, "parent": null}}, {"model": "sad.menu", "pk": 109, "fields": {"module": "CLINICA", "title": "Empresa", "url": "#", "pos": 91, "icon": "", "is_active": true, "description": null, "created_at": "2017-05-14T21:40:10.052Z", "updated_at": "2017-05-14T21:40:51.499Z", "permission": null, "parent": 108}}, {"model": "sad.menu", "pk": 110, "fields": {"module": "CLINICA", "title": "Usuarios", "url": "#", "pos": 92, "icon": "", "is_active": true, "description": null, "created_at": "2017-05-14T21:48:28.997Z", "updated_at": "2017-05-14T21:48:29.424Z", "permission": null, "parent": 108}}, {"model": "sad.menu", "pk": 111, "fields": {"module": "CLINICA", "title": "Vacunas", "url": "#", "pos": 93, "icon": "", "is_active": true, "description": null, "created_at": "2017-05-14T21:49:42.136Z", "updated_at": "2017-05-14T21:50:25.006Z", "permission": null, "parent": 108}}, {"model": "sad.menu", "pk": 112, "fields": {"module": "CLINICA", "title": "Antiparasitarios", "url": "configuracion/antiparasitario/adminitrar/", "pos": 94, "icon": "", "is_active": true, "description": null, "created_at": "2017-05-14T21:51:16.946Z", "updated_at": "2017-06-29T15:34:39.821Z", "permission": 332, "parent": 108}}, {"model": "sad.menu", "pk": 113, "fields": {"module": "CLINICA", "title": "Servicios", "url": "configuracion/servicios/listar/", "pos": 95, "icon": "", "is_active": true, "description": null, "created_at": "2017-05-14T21:52:04.789Z", "updated_at": "2017-06-28T14:49:56.691Z", "permission": 335, "parent": 108}}, {"model": "sad.menu", "pk": 114, "fields": {"module": "CLINICA", "title": "Promociones", "url": "#", "pos": 99, "icon": "", "is_active": true, "description": null, "created_at": "2017-05-14T21:52:39.041Z", "updated_at": "2017-05-14T21:52:39.136Z", "permission": null, "parent": 108}}, {"model": "sad.menu", "pk": 115, "fields": {"module": "CLINICA", "title": "Especies y razas", "url": "configuracion/especie/administrar/", "pos": 96, "icon": "", "is_active": true, "description": null, "created_at": "2017-05-14T21:56:47.038Z", "updated_at": "2017-06-26T07:31:29.633Z", "permission": 307, "parent": 108}}, {"model": "sad.menu", "pk": 116, "fields": {"module": "CLINICA", "title": "Cuadre de Caja", "url": "ventas/venta/listar/", "pos": 3, "icon": "", "is_active": true, "description": null, "created_at": "2017-05-16T16:57:41.822Z", "updated_at": "2017-06-26T07:36:44.477Z", "permission": 319, "parent": 101}}, {"model": "sad.menu", "pk": 117, "fields": {"module": "CLINICA", "title": "Terminolog\u00eda Medica", "url": "#", "pos": 22, "icon": "", "is_active": true, "description": null, "created_at": "2017-05-16T17:04:38.735Z", "updated_at": "2017-05-16T17:04:38.864Z", "permission": null, "parent": 103}}, {"model": "sad.menu", "pk": 118, "fields": {"module": "CLINICA", "title": "Diagnostico", "url": "#", "pos": 24, "icon": "", "is_active": true, "description": null, "created_at": "2017-05-16T17:05:42.537Z", "updated_at": "2017-05-16T17:05:42.671Z", "permission": null, "parent": 103}}, {"model": "sad.menu", "pk": 119, "fields": {"module": "CLINICA", "title": "Pruebas Auxiliares", "url": "#", "pos": 25, "icon": "", "is_active": true, "description": null, "created_at": "2017-05-16T17:06:07.707Z", "updated_at": "2017-05-16T17:06:07.840Z", "permission": null, "parent": 103}}, {"model": "sad.menu", "pk": 120, "fields": {"module": "CLINICA", "title": "Tratamiento", "url": "#", "pos": 26, "icon": "", "is_active": true, "description": null, "created_at": "2017-05-16T17:06:28.283Z", "updated_at": "2017-05-16T17:06:28.409Z", "permission": null, "parent": 103}}, {"model": "sad.menu", "pk": 121, "fields": {"module": "CLINICA", "title": "Socios", "url": "#", "pos": 30, "icon": "fa fa-users", "is_active": true, "description": null, "created_at": "2017-05-16T17:26:01.314Z", "updated_at": "2017-05-16T17:27:40.705Z", "permission": null, "parent": null}}, {"model": "sad.menu", "pk": 122, "fields": {"module": "CLINICA", "title": "Proveedores", "url": "compras/proveedor/listar/", "pos": 32, "icon": "", "is_active": true, "description": null, "created_at": "2017-05-16T17:29:07.012Z", "updated_at": "2017-06-18T06:23:37.544Z", "permission": 219, "parent": 121}}, {"model": "sad.menu", "pk": 123, "fields": {"module": "CLINICA", "title": "Compras", "url": "compras/compra/crear", "pos": 41, "icon": "", "is_active": true, "description": null, "created_at": "2017-05-16T17:37:38.265Z", "updated_at": "2017-06-26T02:42:20.514Z", "permission": 222, "parent": 106}}, {"model": "sad.menu", "pk": 125, "fields": {"module": "CLINICA", "title": "Veterinarios", "url": "#", "pos": 33, "icon": "", "is_active": true, "description": null, "created_at": "2017-05-16T17:47:54.851Z", "updated_at": "2017-05-16T17:47:54.983Z", "permission": null, "parent": 121}}, {"model": "sad.menu", "pk": 126, "fields": {"module": "CLINICA", "title": "Reservas", "url": "#", "pos": 50, "icon": "fa fa-tasks", "is_active": true, "description": null, "created_at": "2017-05-16T17:51:30.345Z", "updated_at": "2017-05-16T17:52:57.245Z", "permission": null, "parent": null}}, {"model": "sad.menu", "pk": 127, "fields": {"module": "CLINICA", "title": "Atenci\u00f3n Clinica", "url": "#", "pos": 51, "icon": "", "is_active": true, "description": null, "created_at": "2017-05-16T17:51:56.276Z", "updated_at": "2017-05-16T17:51:56.424Z", "permission": null, "parent": 126}}, {"model": "sad.menu", "pk": 128, "fields": {"module": "CLINICA", "title": "Servicios", "url": "#", "pos": 52, "icon": "", "is_active": true, "description": null, "created_at": "2017-05-16T17:52:11.990Z", "updated_at": "2017-05-16T17:52:12.114Z", "permission": null, "parent": 126}}, {"model": "sad.menu", "pk": 129, "fields": {"module": "CLINICA", "title": "Almacen", "url": "compras/compra/listar/", "pos": 11, "icon": "", "is_active": true, "description": null, "created_at": "2017-06-26T02:38:11.615Z", "updated_at": "2017-06-27T22:14:57.906Z", "permission": 328, "parent": 106}}, {"model": "sad.userenterprise", "pk": 17, "fields": {"created_at": "2017-06-27T21:10:08.566Z", "updated_at": "2017-06-27T21:10:08.566Z", "user": 1, "group": 12, "enterprise": 1}}, {"model": "sad.userenterprise", "pk": 18, "fields": {"created_at": "2017-06-27T21:10:08.567Z", "updated_at": "2017-06-27T21:10:08.567Z", "user": 1, "group": 1, "enterprise": 1}}, {"model": "sad.userenterprise", "pk": 19, "fields": {"created_at": "2017-06-27T21:10:08.568Z", "updated_at": "2017-06-27T21:10:08.568Z", "user": 1, "group": 11, "enterprise": 1}}, {"model": "sad.userenterprise", "pk": 20, "fields": {"created_at": "2017-06-27T21:10:08.569Z", "updated_at": "2017-06-27T21:10:08.569Z", "user": 1, "group": 10, "enterprise": 1}}, {"model": "sad.userenterprise", "pk": 21, "fields": {"created_at": "2017-06-27T23:06:39.902Z", "updated_at": "2017-06-27T23:06:39.902Z", "user": 1, "group": 11, "enterprise": 2}}, {"model": "sad.userenterprise", "pk": 22, "fields": {"created_at": "2017-06-27T23:06:39.904Z", "updated_at": "2017-06-27T23:06:39.904Z", "user": 1, "group": 12, "enterprise": 2}}, {"model": "sad.userenterprise", "pk": 23, "fields": {"created_at": "2017-06-27T23:06:39.908Z", "updated_at": "2017-06-27T23:06:39.908Z", "user": 1, "group": 10, "enterprise": 2}}, {"model": "sad.userenterprise", "pk": 24, "fields": {"created_at": "2017-06-27T23:06:39.917Z", "updated_at": "2017-06-27T23:06:39.917Z", "user": 1, "group": 1, "enterprise": 2}}, {"model": "sad.userenterprise", "pk": 25, "fields": {"created_at": "2017-06-28T00:17:20.724Z", "updated_at": "2017-06-28T00:17:20.724Z", "user": 2, "group": 15, "enterprise": 1}}, {"model": "sad.userheadquar", "pk": 19, "fields": {"created_at": "2017-06-18T05:55:32.325Z", "updated_at": "2017-06-18T05:55:32.325Z", "user": 3, "group": 10, "headquar": 1}}, {"model": "sad.userheadquar", "pk": 27, "fields": {"created_at": "2017-06-27T21:10:08.560Z", "updated_at": "2017-06-27T21:10:08.560Z", "user": 1, "group": 12, "headquar": 1}}, {"model": "sad.userheadquar", "pk": 28, "fields": {"created_at": "2017-06-27T21:10:08.561Z", "updated_at": "2017-06-27T21:10:08.561Z", "user": 1, "group": 1, "headquar": 1}}, {"model": "sad.userheadquar", "pk": 29, "fields": {"created_at": "2017-06-27T21:10:08.564Z", "updated_at": "2017-06-27T21:10:08.564Z", "user": 1, "group": 11, "headquar": 1}}, {"model": "sad.userheadquar", "pk": 30, "fields": {"created_at": "2017-06-27T23:06:39.902Z", "updated_at": "2017-06-27T23:06:39.902Z", "user": 1, "group": 11, "headquar": 2}}, {"model": "sad.userheadquar", "pk": 31, "fields": {"created_at": "2017-06-27T23:06:39.905Z", "updated_at": "2017-06-27T23:06:39.905Z", "user": 1, "group": 12, "headquar": 2}}, {"model": "sad.userheadquar", "pk": 32, "fields": {"created_at": "2017-06-27T23:06:39.909Z", "updated_at": "2017-06-27T23:06:39.909Z", "user": 1, "group": 10, "headquar": 2}}, {"model": "sad.userheadquar", "pk": 33, "fields": {"created_at": "2017-06-27T23:06:39.918Z", "updated_at": "2017-06-27T23:06:39.918Z", "user": 1, "group": 1, "headquar": 2}}, {"model": "sad.userheadquar", "pk": 35, "fields": {"created_at": "2017-06-28T00:17:20.722Z", "updated_at": "2017-06-28T00:17:20.722Z", "user": 2, "group": 15, "headquar": 1}}, {"model": "sad.userassociation", "pk": 15, "fields": {"created_at": "2017-06-27T21:10:08.570Z", "updated_at": "2017-06-27T21:10:08.570Z", "user": 1, "group": 1, "association": 1}}, {"model": "sad.userassociation", "pk": 16, "fields": {"created_at": "2017-06-27T21:10:08.571Z", "updated_at": "2017-06-27T21:10:08.571Z", "user": 1, "group": 11, "association": 1}}, {"model": "sad.userassociation", "pk": 17, "fields": {"created_at": "2017-06-27T21:10:08.572Z", "updated_at": "2017-06-27T21:10:08.572Z", "user": 1, "group": 10, "association": 1}}, {"model": "sad.userassociation", "pk": 18, "fields": {"created_at": "2017-06-27T23:06:39.901Z", "updated_at": "2017-06-27T23:06:39.901Z", "user": 1, "group": 11, "association": 2}}, {"model": "sad.userassociation", "pk": 19, "fields": {"created_at": "2017-06-27T23:06:39.904Z", "updated_at": "2017-06-27T23:06:39.904Z", "user": 1, "group": 12, "association": 2}}, {"model": "sad.userassociation", "pk": 20, "fields": {"created_at": "2017-06-27T23:06:39.907Z", "updated_at": "2017-06-27T23:06:39.907Z", "user": 1, "group": 10, "association": 2}}, {"model": "sad.userassociation", "pk": 21, "fields": {"created_at": "2017-06-27T23:06:39.916Z", "updated_at": "2017-06-27T23:06:39.916Z", "user": 1, "group": 1, "association": 2}}, {"model": "sad.ticket", "pk": 1, "fields": {"text": "san", "row": 1, "user": 1}}, {"model": "sad.ticket", "pk": 2, "fields": {"text": "san", "row": 1, "user": 1}}, {"model": "compras.proveedor", "pk": 1, "fields": {"tipodoc": "DNI", "numdoc": 321, "razon_social": "Yuselenin Anquise Jihua\u00f1a", "representante_legal": "Yuselenin Anquise Jihua\u00f1a", "direccion": "051", "telefono": 321321321, "email": "dyusel145.2@gmail.com", "enti_bancaria": "9e9ue", "num_cuenta": null, "estado": false}}, {"model": "compras.compra", "pk": 1, "fields": {"fe_compra": "2017-06-26T02:59:34.769Z", "comprobante": "", "total": "1200.00", "proveedor": 1, "usuario": 2}}, {"model": "compras.compra", "pk": 2, "fields": {"fe_compra": "2017-06-26T02:59:45.842Z", "comprobante": "", "total": "200.00", "proveedor": 1, "usuario": 3}}, {"model": "compras.compra", "pk": 3, "fields": {"fe_compra": "2017-06-26T02:59:52.572Z", "comprobante": "", "total": "300.00", "proveedor": 1, "usuario": 3}}, {"model": "compras.compra", "pk": 4, "fields": {"fe_compra": "2017-06-26T08:20:09.211Z", "comprobante": "", "total": "650.00", "proveedor": 1, "usuario": 1}}, {"model": "compras.compra", "pk": 5, "fields": {"fe_compra": "2017-06-26T08:21:42.099Z", "comprobante": "", "total": "84000.00", "proveedor": 1, "usuario": 1}}, {"model": "compras.compra", "pk": 6, "fields": {"fe_compra": "2017-06-26T08:23:43.371Z", "comprobante": "", "total": "11000.00", "proveedor": 1, "usuario": 1}}, {"model": "compras.detallecompra", "pk": 1, "fields": {"cantidad": 1000, "precio_total": "4000.00", "producto": 2, "compra": 6}}, {"model": "compras.detallecompra", "pk": 2, "fields": {"cantidad": 1000, "precio_total": "7000.00", "producto": 4, "compra": 6}}, {"model": "ventas.unidadmedidav", "pk": 1, "fields": {"nombre": "23", "simbolo": "23"}}, {"model": "ventas.unidadmedidac", "pk": 1, "fields": {"nombre": "1", "simbolo": "1", "cant_equivalencia": "12.00", "unidad_medida_venta": 1}}, {"model": "ventas.producto", "pk": 1, "fields": {"nombre": "capa polar # M", "codigo": "01IN2016", "categoria": 1, "fechaVencimiento": "2016-11-23", "unidad_medida": 1, "precioV": "4.00", "precioC": "5.00", "existencia": "0.00", "MontoReal": "25.92", "igv": "0.02", "state": true}}, {"model": "ventas.producto", "pk": 2, "fields": {"nombre": "Capa polar # 0", "codigo": "02IN2016", "categoria": 1, "fechaVencimiento": "2016-11-23", "unidad_medida": 1, "precioV": "5.00", "precioC": "4.00", "existencia": "12000.00", "MontoReal": "60000.00", "igv": "10800.00", "state": true}}, {"model": "ventas.producto", "pk": 3, "fields": {"nombre": "capa polar #1", "codigo": "03IN2016", "categoria": 1, "fechaVencimiento": "2016-11-23", "unidad_medida": 1, "precioV": "6.00", "precioC": "6.50", "existencia": "0.00", "MontoReal": "0.00", "igv": "0.00", "state": true}}, {"model": "ventas.producto", "pk": 4, "fields": {"nombre": "capa polar #2", "codigo": "04IN2016", "categoria": 1, "fechaVencimiento": "2016-11-23", "unidad_medida": 1, "precioV": "6.00", "precioC": "7.00", "existencia": "12000.00", "MontoReal": "72000.00", "igv": "12960.00", "state": true}}, {"model": "ventas.producto", "pk": 5, "fields": {"nombre": "capa polar #3", "codigo": "05IN2016", "categoria": 1, "fechaVencimiento": "2016-11-23", "unidad_medida": 1, "precioV": "7.00", "precioC": "8.00", "existencia": "0.00", "MontoReal": "0.00", "igv": "0.00", "state": true}}, {"model": "ventas.producto", "pk": 6, "fields": {"nombre": "capa polar #4", "codigo": "06IN2016", "categoria": 1, "fechaVencimiento": "2016-11-23", "unidad_medida": 1, "precioV": "9.00", "precioC": "10.00", "existencia": "0.00", "MontoReal": "0.00", "igv": "0.00", "state": true}}, {"model": "ventas.producto", "pk": 7, "fields": {"nombre": "capa polar #5", "codigo": "07IN2016", "categoria": 1, "fechaVencimiento": "2016-11-23", "unidad_medida": 1, "precioV": "11.00", "precioC": "12.00", "existencia": "0.00", "MontoReal": "0.00", "igv": "0.00", "state": true}}, {"model": "ventas.producto", "pk": 8, "fields": {"nombre": "capa polar doble #1", "codigo": "08IN2016", "categoria": 1, "fechaVencimiento": "2016-11-23", "unidad_medida": 1, "precioV": "9.00", "precioC": "10.00", "existencia": "0.00", "MontoReal": "0.00", "igv": "0.00", "state": true}}, {"model": "ventas.producto", "pk": 9, "fields": {"nombre": "capa polar doble #3", "codigo": "09IN2016", "categoria": 1, "fechaVencimiento": "2016-11-23", "unidad_medida": 1, "precioV": "10.00", "precioC": "11.00", "existencia": "0.00", "MontoReal": "0.00", "igv": "0.00", "state": true}}, {"model": "ventas.producto", "pk": 10, "fields": {"nombre": "capa polar doble #4", "codigo": "10IN2016", "categoria": 1, "fechaVencimiento": "2016-11-23", "unidad_medida": 1, "precioV": "11.00", "precioC": "12.00", "existencia": "0.00", "MontoReal": "0.00", "igv": "0.00", "state": true}}, {"model": "ventas.producto", "pk": 11, "fields": {"nombre": "capa polar doble #5", "codigo": "11IN2016", "categoria": 1, "fechaVencimiento": "2016-11-23", "unidad_medida": 1, "precioV": "12.00", "precioC": "13.00", "existencia": "0.00", "MontoReal": "0.00", "igv": "0.00", "state": true}}, {"model": "ventas.producto", "pk": 12, "fields": {"nombre": "capa polar con bolsillo #1", "codigo": "12IN2016", "categoria": 1, "fechaVencimiento": "2016-11-23", "unidad_medida": 1, "precioV": "6.00", "precioC": "7.00", "existencia": "0.00", "MontoReal": "0.00", "igv": "0.00", "state": true}}, {"model": "ventas.producto", "pk": 13, "fields": {"nombre": "capa polar con bolsillo #2", "codigo": "13IN2016", "categoria": 1, "fechaVencimiento": "2016-11-23", "unidad_medida": 1, "precioV": "7.00", "precioC": "8.00", "existencia": "0.00", "MontoReal": "0.00", "igv": "0.00", "state": true}}, {"model": "ventas.producto", "pk": 14, "fields": {"nombre": "capa polar peluchado #1", "codigo": "14IN2016", "categoria": 1, "fechaVencimiento": "2016-11-23", "unidad_medida": 1, "precioV": "9.00", "precioC": "10.00", "existencia": "0.00", "MontoReal": "0.00", "igv": "0.00", "state": true}}, {"model": "ventas.producto", "pk": 15, "fields": {"nombre": "capa polar peluchado #3", "codigo": "15IN2016", "categoria": 1, "fechaVencimiento": "2016-11-23", "unidad_medida": 1, "precioV": "12.00", "precioC": "13.00", "existencia": "0.00", "MontoReal": "0.00", "igv": "0.00", "state": true}}, {"model": "ventas.producto", "pk": 16, "fields": {"nombre": "capa polar peluchado #4", "codigo": "16IN2016", "categoria": 1, "fechaVencimiento": "2016-11-23", "unidad_medida": 1, "precioV": "13.00", "precioC": "14.00", "existencia": "0.00", "MontoReal": "0.00", "igv": "0.00", "state": true}}, {"model": "ventas.producto", "pk": 17, "fields": {"nombre": "capa polar peluchado #6", "codigo": "17IN2016", "categoria": 1, "fechaVencimiento": "2016-11-23", "unidad_medida": 1, "precioV": "14.00", "precioC": "15.00", "existencia": "0.00", "MontoReal": "0.00", "igv": "0.00", "state": true}}, {"model": "ventas.producto", "pk": 18, "fields": {"nombre": "capa polar con capucha #1", "codigo": "18IN2016", "categoria": 1, "fechaVencimiento": "2016-11-23", "unidad_medida": 1, "precioV": "7.00", "precioC": "8.00", "existencia": "0.00", "MontoReal": "0.00", "igv": "0.00", "state": true}}, {"model": "ventas.producto", "pk": 19, "fields": {"nombre": "capa polar deportivo #2", "codigo": "19IN2016", "categoria": 1, "fechaVencimiento": "2016-11-23", "unidad_medida": 1, "precioV": "6.00", "precioC": "7.00", "existencia": "0.00", "MontoReal": "0.00", "igv": "0.00", "state": true}}, {"model": "ventas.producto", "pk": 20, "fields": {"nombre": "chapulin #0", "codigo": "20IN2016", "categoria": 2, "fechaVencimiento": "2016-11-23", "unidad_medida": 1, "precioV": "8.00", "precioC": "9.00", "existencia": "0.00", "MontoReal": "0.00", "igv": "0.00", "state": true}}, {"model": "ventas.producto", "pk": 21, "fields": {"nombre": "chapulin #1", "codigo": "21IN2016", "categoria": 2, "fechaVencimiento": "2016-11-23", "unidad_medida": 1, "precioV": "9.00", "precioC": "10.00", "existencia": "0.00", "MontoReal": "0.00", "igv": "0.00", "state": true}}, {"model": "ventas.producto", "pk": 22, "fields": {"nombre": "chapulin #2", "codigo": "22IN2016", "categoria": 2, "fechaVencimiento": "2016-11-23", "unidad_medida": 1, "precioV": "11.00", "precioC": "12.00", "existencia": "0.00", "MontoReal": "0.00", "igv": "0.00", "state": true}}, {"model": "ventas.producto", "pk": 23, "fields": {"nombre": "chapulin #3", "codigo": "23IN2016", "categoria": 2, "fechaVencimiento": "2016-11-23", "unidad_medida": 1, "precioV": "14.00", "precioC": "15.00", "existencia": "0.00", "MontoReal": "0.00", "igv": "0.00", "state": true}}, {"model": "ventas.producto", "pk": 24, "fields": {"nombre": "chapulin #4", "codigo": "24IN2016", "categoria": 2, "fechaVencimiento": "2016-11-23", "unidad_medida": 1, "precioV": "14.00", "precioC": "15.00", "existencia": "0.00", "MontoReal": "0.00", "igv": "0.00", "state": true}}, {"model": "ventas.producto", "pk": 25, "fields": {"nombre": "tejido #0 ", "codigo": "25IN2016", "categoria": 2, "fechaVencimiento": "2016-11-23", "unidad_medida": 1, "precioV": "9.00", "precioC": "10.00", "existencia": "1464.00", "MontoReal": "13176.00", "igv": "2371.68", "state": true}}, {"model": "ventas.producto", "pk": 26, "fields": {"nombre": "tejido #1", "codigo": "26IN2016", "categoria": 2, "fechaVencimiento": "2016-11-23", "unidad_medida": 1, "precioV": "9.00", "precioC": "10.00", "existencia": "5971.00", "MontoReal": "53785.98", "igv": "9673.03", "state": true}}, {"model": "ventas.producto", "pk": 27, "fields": {"nombre": "tejido #2", "codigo": "27IN2016", "categoria": 2, "fechaVencimiento": "2016-11-23", "unidad_medida": 1, "precioV": "11.00", "precioC": "12.00", "existencia": "24.00", "MontoReal": "264.00", "igv": "47.52", "state": true}}, {"model": "ventas.producto", "pk": 28, "fields": {"nombre": "tejido #3", "codigo": "28IN2016", "categoria": 2, "fechaVencimiento": "2016-11-23", "unidad_medida": 1, "precioV": "12.00", "precioC": "13.00", "existencia": "0.00", "MontoReal": "0.00", "igv": "0.00", "state": true}}, {"model": "ventas.producto", "pk": 29, "fields": {"nombre": "tejido #4", "codigo": "29IN2016", "categoria": 2, "fechaVencimiento": "2016-11-23", "unidad_medida": 1, "precioV": "14.00", "precioC": "15.00", "existencia": "12000.00", "MontoReal": "168000.00", "igv": "30240.00", "state": true}}, {"model": "ventas.producto", "pk": 30, "fields": {"nombre": "diablo #0", "codigo": "30IN2016", "categoria": 2, "fechaVencimiento": "2016-11-23", "unidad_medida": 1, "precioV": "8.00", "precioC": "9.00", "existencia": "0.00", "MontoReal": "0.00", "igv": "0.00", "state": true}}, {"model": "ventas.producto", "pk": 31, "fields": {"nombre": "diablo #1", "codigo": "31IN2016", "categoria": 2, "fechaVencimiento": "2016-11-23", "unidad_medida": 1, "precioV": "10.00", "precioC": "11.00", "existencia": "0.00", "MontoReal": "0.00", "igv": "0.00", "state": true}}, {"model": "ventas.producto", "pk": 32, "fields": {"nombre": "pnp #1", "codigo": "32IN2016", "categoria": 2, "fechaVencimiento": "2016-11-23", "unidad_medida": 1, "precioV": "10.00", "precioC": "11.00", "existencia": "0.00", "MontoReal": "0.00", "igv": "0.00", "state": true}}, {"model": "ventas.producto", "pk": 33, "fields": {"nombre": "pnp #3", "codigo": "33IN2016", "categoria": 2, "fechaVencimiento": "2016-11-23", "unidad_medida": 1, "precioV": "12.00", "precioC": "13.00", "existencia": "0.00", "MontoReal": "0.00", "igv": "0.00", "state": true}}, {"model": "ventas.producto", "pk": 34, "fields": {"nombre": "seguridad #0", "codigo": "34IN2016", "categoria": 2, "fechaVencimiento": "2016-11-23", "unidad_medida": 1, "precioV": "9.00", "precioC": "10.00", "existencia": "0.00", "MontoReal": "0.00", "igv": "0.00", "state": true}}, {"model": "ventas.producto", "pk": 35, "fields": {"nombre": "seguridad #1", "codigo": "35IN2016", "categoria": 2, "fechaVencimiento": "2016-11-23", "unidad_medida": 1, "precioV": "10.00", "precioC": "11.00", "existencia": "0.00", "MontoReal": "0.00", "igv": "0.00", "state": true}}, {"model": "ventas.producto", "pk": 36, "fields": {"nombre": "seguridad #2", "codigo": "36IN2016", "categoria": 2, "fechaVencimiento": "2016-11-23", "unidad_medida": 1, "precioV": "11.00", "precioC": "12.00", "existencia": "0.00", "MontoReal": "0.00", "igv": "0.00", "state": true}}, {"model": "ventas.producto", "pk": 37, "fields": {"nombre": "vaca #0", "codigo": "37IN2016", "categoria": 2, "fechaVencimiento": "2016-11-23", "unidad_medida": 1, "precioV": "9.00", "precioC": "10.00", "existencia": "0.00", "MontoReal": "0.00", "igv": "0.00", "state": true}}, {"model": "ventas.producto", "pk": 38, "fields": {"nombre": "vaca #4", "codigo": "38IN2016", "categoria": 2, "fechaVencimiento": "2016-11-23", "unidad_medida": 1, "precioV": "14.00", "precioC": "15.00", "existencia": "0.00", "MontoReal": "0.00", "igv": "0.00", "state": true}}, {"model": "ventas.producto", "pk": 39, "fields": {"nombre": "disfraz #1", "codigo": "39IN2016", "categoria": 2, "fechaVencimiento": "2016-11-23", "unidad_medida": 1, "precioV": "10.00", "precioC": "11.00", "existencia": "0.00", "MontoReal": "0.00", "igv": "0.00", "state": true}}, {"model": "ventas.producto", "pk": 40, "fields": {"nombre": "tiburon - batman #1", "codigo": "40IN2016", "categoria": 2, "fechaVencimiento": "2016-11-23", "unidad_medida": 1, "precioV": "11.00", "precioC": "12.00", "existencia": "0.00", "MontoReal": "0.00", "igv": "0.00", "state": true}}, {"model": "ventas.producto", "pk": 41, "fields": {"nombre": "disfraz #2", "codigo": "41IN2016", "categoria": 2, "fechaVencimiento": "2016-11-23", "unidad_medida": 1, "precioV": "12.00", "precioC": "13.00", "existencia": "0.00", "MontoReal": "0.00", "igv": "0.00", "state": true}}, {"model": "ventas.producto", "pk": 42, "fields": {"nombre": "disfraz #3", "codigo": "42IN2016", "categoria": 2, "fechaVencimiento": "2016-11-23", "unidad_medida": 1, "precioV": "14.00", "precioC": "15.00", "existencia": "0.00", "MontoReal": "0.00", "igv": "0.00", "state": true}}, {"model": "ventas.producto", "pk": 43, "fields": {"nombre": "disfraz #4", "codigo": "43IN2016", "categoria": 2, "fechaVencimiento": "2016-11-23", "unidad_medida": 1, "precioV": "15.00", "precioC": "16.00", "existencia": "0.00", "MontoReal": "0.00", "igv": "0.00", "state": true}}, {"model": "ventas.producto", "pk": 44, "fields": {"nombre": "jean camisa #4", "codigo": "44IN2016", "categoria": 2, "fechaVencimiento": "2016-11-23", "unidad_medida": 1, "precioV": "19.00", "precioC": "20.00", "existencia": "0.00", "MontoReal": "0.00", "igv": "0.00", "state": true}}, {"model": "ventas.producto", "pk": 45, "fields": {"nombre": "jean pike #1", "codigo": "45IN2016", "categoria": 2, "fechaVencimiento": "2016-11-23", "unidad_medida": 1, "precioV": "14.00", "precioC": "15.00", "existencia": "0.00", "MontoReal": "0.00", "igv": "0.00", "state": true}}, {"model": "ventas.producto", "pk": 46, "fields": {"nombre": "jean pike #3", "codigo": "46IN2016", "categoria": 2, "fechaVencimiento": "2016-11-23", "unidad_medida": 1, "precioV": "18.00", "precioC": "19.00", "existencia": "0.00", "MontoReal": "0.00", "igv": "0.00", "state": true}}, {"model": "ventas.producto", "pk": 47, "fields": {"nombre": "a rayas #0", "codigo": "47IN2016", "categoria": 3, "fechaVencimiento": "2016-11-23", "unidad_medida": 1, "precioV": "9.00", "precioC": "8.00", "existencia": "0.00", "MontoReal": "0.00", "igv": "0.00", "state": true}}, {"model": "ventas.producto", "pk": 48, "fields": {"nombre": "a rayas #4", "codigo": "48IN2016", "categoria": 3, "fechaVencimiento": "2016-11-23", "unidad_medida": 1, "precioV": "11.00", "precioC": "12.00", "existencia": "0.00", "MontoReal": "0.00", "igv": "0.00", "state": true}}, {"model": "ventas.producto", "pk": 49, "fields": {"nombre": "camisa a cuadros #0", "codigo": "49IN2016", "categoria": 3, "fechaVencimiento": "2016-11-23", "unidad_medida": 1, "precioV": "6.00", "precioC": "7.00", "existencia": "0.00", "MontoReal": "0.00", "igv": "0.00", "state": true}}, {"model": "ventas.producto", "pk": 50, "fields": {"nombre": "camisa a cuadros #2", "codigo": "50IN2016", "categoria": 3, "fechaVencimiento": "2016-11-23", "unidad_medida": 1, "precioV": "8.00", "precioC": "9.00", "existencia": "0.00", "MontoReal": "0.00", "igv": "0.00", "state": true}}, {"model": "ventas.producto", "pk": 51, "fields": {"nombre": "pike #M", "codigo": "51IN2016", "categoria": 3, "fechaVencimiento": "2016-11-23", "unidad_medida": 1, "precioV": "7.00", "precioC": "8.00", "existencia": "0.00", "MontoReal": "0.00", "igv": "0.00", "state": true}}, {"model": "ventas.producto", "pk": 52, "fields": {"nombre": "pike #0", "codigo": "52IN2016", "categoria": 3, "fechaVencimiento": "2016-11-23", "unidad_medida": 1, "precioV": "6.00", "precioC": "9.00", "existencia": "0.00", "MontoReal": "0.00", "igv": "0.00", "state": true}}, {"model": "ventas.producto", "pk": 53, "fields": {"nombre": "pike #1", "codigo": "53IN2016", "categoria": 3, "fechaVencimiento": "2016-11-23", "unidad_medida": 1, "precioV": "9.00", "precioC": "10.00", "existencia": "0.00", "MontoReal": "0.00", "igv": "0.00", "state": true}}, {"model": "ventas.producto", "pk": 54, "fields": {"nombre": "pike #2", "codigo": "54IN2016", "categoria": 3, "fechaVencimiento": "2016-11-23", "unidad_medida": 1, "precioV": "10.00", "precioC": "11.00", "existencia": "0.00", "MontoReal": "0.00", "igv": "0.00", "state": true}}, {"model": "ventas.producto", "pk": 55, "fields": {"nombre": "pike #3", "codigo": "55IN2016", "categoria": 3, "fechaVencimiento": "2016-11-23", "unidad_medida": 1, "precioV": "11.00", "precioC": "12.00", "existencia": "0.00", "MontoReal": "0.00", "igv": "0.00", "state": true}}, {"model": "ventas.producto", "pk": 56, "fields": {"nombre": "chullo #0", "codigo": "56IN2016", "categoria": 3, "fechaVencimiento": "2016-11-23", "unidad_medida": 1, "precioV": "8.00", "precioC": "9.00", "existencia": "0.00", "MontoReal": "0.00", "igv": "0.00", "state": true}}, {"model": "ventas.producto", "pk": 57, "fields": {"nombre": "chullo #1", "codigo": "57IN2016", "categoria": 3, "fechaVencimiento": "2016-11-23", "unidad_medida": 1, "precioV": "9.00", "precioC": "10.00", "existencia": "0.00", "MontoReal": "0.00", "igv": "0.00", "state": true}}, {"model": "ventas.producto", "pk": 58, "fields": {"nombre": "chullo #2", "codigo": "58IN2016", "categoria": 3, "fechaVencimiento": "2016-11-23", "unidad_medida": 1, "precioV": "10.00", "precioC": "11.00", "existencia": "0.00", "MontoReal": "0.00", "igv": "0.00", "state": true}}, {"model": "ventas.producto", "pk": 59, "fields": {"nombre": "chullo #4", "codigo": "59IN2016", "categoria": 3, "fechaVencimiento": "2016-11-23", "unidad_medida": 1, "precioV": "12.00", "precioC": "13.00", "existencia": "0.00", "MontoReal": "0.00", "igv": "0.00", "state": true}}, {"model": "ventas.producto", "pk": 60, "fields": {"nombre": "estampado #2", "codigo": "60IN2016", "categoria": 3, "fechaVencimiento": "2016-11-23", "unidad_medida": 1, "precioV": "9.00", "precioC": "10.00", "existencia": "0.00", "MontoReal": "0.00", "igv": "0.00", "state": true}}, {"model": "ventas.producto", "pk": 61, "fields": {"nombre": "camuflado #1", "codigo": "61IN2016", "categoria": 3, "fechaVencimiento": "2016-11-23", "unidad_medida": 1, "precioV": "5.00", "precioC": "6.00", "existencia": "0.00", "MontoReal": "0.00", "igv": "0.00", "state": true}}, {"model": "ventas.producto", "pk": 62, "fields": {"nombre": "vestido polar normal #0 ", "codigo": "62IN2016", "categoria": 4, "fechaVencimiento": "2016-11-23", "unidad_medida": 1, "precioV": "5.00", "precioC": "6.50", "existencia": "0.00", "MontoReal": "0.00", "igv": "0.00", "state": true}}, {"model": "ventas.producto", "pk": 63, "fields": {"nombre": "vestido polar con capucha #1", "codigo": "63IN2016", "categoria": 4, "fechaVencimiento": "2016-11-23", "unidad_medida": 1, "precioV": "8.00", "precioC": "9.00", "existencia": "0.00", "MontoReal": "0.00", "igv": "0.00", "state": true}}, {"model": "ventas.producto", "pk": 64, "fields": {"nombre": "vestido polar con capucha #2", "codigo": "64IN2016", "categoria": 4, "fechaVencimiento": "2016-11-23", "unidad_medida": 1, "precioV": "9.00", "precioC": "10.00", "existencia": "0.00", "MontoReal": "0.00", "igv": "0.00", "state": true}}, {"model": "ventas.producto", "pk": 65, "fields": {"nombre": "vestido polar con capucha #3", "codigo": "65IN2016", "categoria": 4, "fechaVencimiento": "2016-11-23", "unidad_medida": 1, "precioV": "12.00", "precioC": "13.00", "existencia": "0.00", "MontoReal": "0.00", "igv": "0.00", "state": true}}, {"model": "ventas.producto", "pk": 66, "fields": {"nombre": "vestido tejido lana #1", "codigo": "66IN2016", "categoria": 4, "fechaVencimiento": "2016-11-23", "unidad_medida": 1, "precioV": "12.00", "precioC": "13.00", "existencia": "0.00", "MontoReal": "0.00", "igv": "0.00", "state": true}}, {"model": "ventas.producto", "pk": 67, "fields": {"nombre": "vestido jean polar #0", "codigo": "67IN2016", "categoria": 4, "fechaVencimiento": "2016-11-23", "unidad_medida": 1, "precioV": "8.00", "precioC": "9.00", "existencia": "0.00", "MontoReal": "0.00", "igv": "0.00", "state": true}}, {"model": "ventas.producto", "pk": 68, "fields": {"nombre": "vestido jean polar #1", "codigo": "68IN2016", "categoria": 4, "fechaVencimiento": "2016-11-23", "unidad_medida": 1, "precioV": "9.00", "precioC": "10.00", "existencia": "0.00", "MontoReal": "0.00", "igv": "0.00", "state": true}}, {"model": "ventas.producto", "pk": 69, "fields": {"nombre": "vestido jean polar #2", "codigo": "69IN2016", "categoria": 4, "fechaVencimiento": "2016-11-23", "unidad_medida": 1, "precioV": "11.00", "precioC": "12.00", "existencia": "0.00", "MontoReal": "0.00", "igv": "0.00", "state": true}}, {"model": "ventas.producto", "pk": 70, "fields": {"nombre": "vestido jean polar #3", "codigo": "70IN2016", "categoria": 4, "fechaVencimiento": "2016-11-23", "unidad_medida": 1, "precioV": "12.00", "precioC": "13.00", "existencia": "0.00", "MontoReal": "0.00", "igv": "0.00", "state": true}}, {"model": "ventas.producto", "pk": 71, "fields": {"nombre": "vestido de tela #3", "codigo": "71IN2016", "categoria": 4, "fechaVencimiento": "2016-11-23", "unidad_medida": 1, "precioV": "9.00", "precioC": "10.00", "existencia": "0.00", "MontoReal": "0.00", "igv": "0.00", "state": true}}, {"model": "ventas.producto", "pk": 72, "fields": {"nombre": "vestido jean tela #1", "codigo": "72IN2016", "categoria": 4, "fechaVencimiento": "2016-11-23", "unidad_medida": 1, "precioV": "11.00", "precioC": "12.00", "existencia": "0.00", "MontoReal": "0.00", "igv": "0.00", "state": true}}, {"model": "ventas.producto", "pk": 73, "fields": {"nombre": "vestido jean tela #4", "codigo": "73IN2016", "categoria": 4, "fechaVencimiento": "2016-11-23", "unidad_medida": 1, "precioV": "15.00", "precioC": "16.00", "existencia": "0.00", "MontoReal": "0.00", "igv": "0.00", "state": true}}, {"model": "ventas.producto", "pk": 74, "fields": {"nombre": "casaca deportiva con capucha #0", "codigo": "74IN2016", "categoria": 4, "fechaVencimiento": "2016-11-23", "unidad_medida": 1, "precioV": "8.00", "precioC": "9.00", "existencia": "0.00", "MontoReal": "0.00", "igv": "0.00", "state": true}}, {"model": "ventas.producto", "pk": 75, "fields": {"nombre": "casaca deportiva #1", "codigo": "75IN2016", "categoria": 5, "fechaVencimiento": "2016-11-23", "unidad_medida": 1, "precioV": "9.00", "precioC": "10.00", "existencia": "0.00", "MontoReal": "0.00", "igv": "0.00", "state": true}}, {"model": "ventas.producto", "pk": 76, "fields": {"nombre": "casaca deportiva #2", "codigo": "76IN2016", "categoria": 5, "fechaVencimiento": "2016-11-23", "unidad_medida": 1, "precioV": "11.00", "precioC": "12.00", "existencia": "0.00", "MontoReal": "0.00", "igv": "0.00", "state": true}}, {"model": "ventas.producto", "pk": 77, "fields": {"nombre": "casaca doble acolchado #1", "codigo": "77IN2016", "categoria": 5, "fechaVencimiento": "2016-11-23", "unidad_medida": 1, "precioV": "8.00", "precioC": "9.00", "existencia": "0.00", "MontoReal": "0.00", "igv": "0.00", "state": true}}, {"model": "ventas.producto", "pk": 78, "fields": {"nombre": "casaca jean con capucha #3", "codigo": "78IN2016", "categoria": 5, "fechaVencimiento": "2016-11-23", "unidad_medida": 1, "precioV": "17.00", "precioC": "18.00", "existencia": "0.00", "MontoReal": "0.00", "igv": "0.00", "state": true}}, {"model": "ventas.producto", "pk": 79, "fields": {"nombre": "casaca mochilera #3", "codigo": "79IN2016", "categoria": 5, "fechaVencimiento": "2016-11-23", "unidad_medida": 1, "precioV": "13.00", "precioC": "14.00", "existencia": "0.00", "MontoReal": "0.00", "igv": "0.00", "state": true}}, {"model": "ventas.producto", "pk": 80, "fields": {"nombre": "casaca mochilera #4", "codigo": "80IN2016", "categoria": 5, "fechaVencimiento": "2016-11-23", "unidad_medida": 1, "precioV": "15.00", "precioC": "16.00", "existencia": "0.00", "MontoReal": "0.00", "igv": "0.00", "state": true}}, {"model": "ventas.producto", "pk": 81, "fields": {"nombre": "casaca impermeable #1", "codigo": "81IN2016", "categoria": 5, "fechaVencimiento": "2016-11-23", "unidad_medida": 1, "precioV": "12.00", "precioC": "13.00", "existencia": "0.00", "MontoReal": "0.00", "igv": "0.00", "state": true}}, {"model": "ventas.producto", "pk": 82, "fields": {"nombre": "casaca impermeable #2", "codigo": "82IN2016", "categoria": 5, "fechaVencimiento": "2016-11-23", "unidad_medida": 1, "precioV": "13.00", "precioC": "14.00", "existencia": "0.00", "MontoReal": "0.00", "igv": "0.00", "state": true}}, {"model": "ventas.producto", "pk": 83, "fields": {"nombre": "casaca impermeable #3", "codigo": "83IN2016", "categoria": 5, "fechaVencimiento": "2016-11-23", "unidad_medida": 1, "precioV": "14.00", "precioC": "15.00", "existencia": "0.00", "MontoReal": "0.00", "igv": "0.00", "state": true}}, {"model": "ventas.producto", "pk": 84, "fields": {"nombre": "L50", "codigo": "01AC2016", "categoria": 8, "fechaVencimiento": "2016-11-23", "unidad_medida": 1, "precioV": "60.00", "precioC": "70.00", "existencia": "24.00", "MontoReal": "1440.00", "igv": "259.20", "state": true}}, {"model": "ventas.producto", "pk": 85, "fields": {"nombre": "L55", "codigo": "02AC2016", "categoria": 8, "fechaVencimiento": "2016-11-23", "unidad_medida": 1, "precioV": "75.00", "precioC": "85.00", "existencia": "0.00", "MontoReal": "0.00", "igv": "0.00", "state": true}}, {"model": "ventas.producto", "pk": 86, "fields": {"nombre": "L60", "codigo": "03AC2016", "categoria": 8, "fechaVencimiento": "2016-11-23", "unidad_medida": 1, "precioV": "90.00", "precioC": "100.00", "existencia": "0.00", "MontoReal": "0.00", "igv": "0.00", "state": true}}, {"model": "ventas.producto", "pk": 87, "fields": {"nombre": "L70", "codigo": "04AC2016", "categoria": 8, "fechaVencimiento": "2016-11-23", "unidad_medida": 1, "precioV": "135.00", "precioC": "150.00", "existencia": "0.00", "MontoReal": "0.00", "igv": "0.00", "state": true}}, {"model": "ventas.producto", "pk": 88, "fields": {"nombre": "L80", "codigo": "05AC2016", "categoria": 8, "fechaVencimiento": "2016-11-23", "unidad_medida": 1, "precioV": "250.00", "precioC": "300.00", "existencia": "0.00", "MontoReal": "0.00", "igv": "0.00", "state": true}}, {"model": "ventas.producto", "pk": 89, "fields": {"nombre": "L90", "codigo": "06AC2016", "categoria": 8, "fechaVencimiento": "2016-11-23", "unidad_medida": 1, "precioV": "300.00", "precioC": "350.00", "existencia": "0.00", "MontoReal": "0.00", "igv": "0.00", "state": true}}, {"model": "ventas.producto", "pk": 90, "fields": {"nombre": "L100", "codigo": "07AC2016", "categoria": 8, "fechaVencimiento": "2016-11-23", "unidad_medida": 1, "precioV": "300.00", "precioC": "400.00", "existencia": "0.00", "MontoReal": "0.00", "igv": "0.00", "state": true}}, {"model": "ventas.producto", "pk": 91, "fields": {"nombre": "transportadora peque\u00f1a", "codigo": "08AC2016", "categoria": 7, "fechaVencimiento": "2016-11-23", "unidad_medida": 1, "precioV": "14.00", "precioC": "15.00", "existencia": "0.00", "MontoReal": "0.00", "igv": "0.00", "state": true}}, {"model": "ventas.producto", "pk": 92, "fields": {"nombre": "transportadora mediana", "codigo": "09AC2016", "categoria": 7, "fechaVencimiento": "2016-11-23", "unidad_medida": 1, "precioV": "18.00", "precioC": "20.00", "existencia": "0.00", "MontoReal": "0.00", "igv": "0.00", "state": true}}, {"model": "ventas.producto", "pk": 93, "fields": {"nombre": "transportadora grande", "codigo": "10AC2016", "categoria": 7, "fechaVencimiento": "2016-11-23", "unidad_medida": 1, "precioV": "20.00", "precioC": "25.00", "existencia": "240.00", "MontoReal": "4800.00", "igv": "864.00", "state": true}}, {"model": "ventas.producto", "pk": 94, "fields": {"nombre": "cartera peque\u00f1a", "codigo": "11AC2016", "categoria": 7, "fechaVencimiento": "2016-11-23", "unidad_medida": 1, "precioV": "17.00", "precioC": "20.00", "existencia": "0.00", "MontoReal": "0.00", "igv": "0.00", "state": true}}, {"model": "ventas.producto", "pk": 95, "fields": {"nombre": "cartera mediana", "codigo": "12AC2016", "categoria": 7, "fechaVencimiento": "2016-11-23", "unidad_medida": 1, "precioV": "24.00", "precioC": "25.00", "existencia": "0.00", "MontoReal": "0.00", "igv": "0.00", "state": true}}, {"model": "ventas.producto", "pk": 96, "fields": {"nombre": "cartera grande", "codigo": "13AC2016", "categoria": 7, "fechaVencimiento": "2016-11-23", "unidad_medida": 1, "precioV": "26.00", "precioC": "28.00", "existencia": "0.00", "MontoReal": "0.00", "igv": "0.00", "state": true}}, {"model": "ventas.producto", "pk": 97, "fields": {"nombre": "importada talla 3", "codigo": "14AC2016", "categoria": 7, "fechaVencimiento": "2016-11-23", "unidad_medida": 1, "precioV": "50.00", "precioC": "60.00", "existencia": "0.00", "MontoReal": "0.00", "igv": "0.00", "state": true}}, {"model": "ventas.producto", "pk": 98, "fields": {"nombre": "Bozal de tela T2", "codigo": "15AC2016", "categoria": 9, "fechaVencimiento": "2016-11-23", "unidad_medida": 1, "precioV": "6.00", "precioC": "7.00", "existencia": "0.00", "MontoReal": "0.00", "igv": "0.00", "state": true}}, {"model": "ventas.producto", "pk": 99, "fields": {"nombre": "Bozal de tela T3", "codigo": "16AC2016", "categoria": 9, "fechaVencimiento": "2016-11-23", "unidad_medida": 1, "precioV": "7.00", "precioC": "8.00", "existencia": "0.00", "MontoReal": "0.00", "igv": "0.00", "state": true}}, {"model": "ventas.producto", "pk": 100, "fields": {"nombre": "Bozal de tela T4", "codigo": "17AC2016", "categoria": 9, "fechaVencimiento": "2016-11-23", "unidad_medida": 1, "precioV": "8.00", "precioC": "9.00", "existencia": "0.00", "MontoReal": "0.00", "igv": "0.00", "state": true}}, {"model": "ventas.producto", "pk": 101, "fields": {"nombre": "bozal tubo T1", "codigo": "18AC2016", "categoria": 9, "fechaVencimiento": "2016-11-23", "unidad_medida": 1, "precioV": "10.00", "precioC": "11.00", "existencia": "0.00", "MontoReal": "0.00", "igv": "0.00", "state": true}}, {"model": "ventas.producto", "pk": 102, "fields": {"nombre": "bozal tubo T2", "codigo": "19AC2016", "categoria": 9, "fechaVencimiento": "2016-11-23", "unidad_medida": 1, "precioV": "11.00", "precioC": "12.00", "existencia": "0.00", "MontoReal": "0.00", "igv": "0.00", "state": true}}, {"model": "ventas.producto", "pk": 103, "fields": {"nombre": "bozal tubo T3", "codigo": "20AC2016", "categoria": 9, "fechaVencimiento": "2016-11-23", "unidad_medida": 1, "precioV": "12.00", "precioC": "13.00", "existencia": "0.00", "MontoReal": "0.00", "igv": "0.00", "state": true}}, {"model": "ventas.producto", "pk": 104, "fields": {"nombre": "bozal tubo T4", "codigo": "21AC2016", "categoria": 9, "fechaVencimiento": "2016-11-23", "unidad_medida": 1, "precioV": "13.00", "precioC": "14.00", "existencia": "0.00", "MontoReal": "0.00", "igv": "0.00", "state": true}}, {"model": "ventas.producto", "pk": 105, "fields": {"nombre": "bozal pitbull", "codigo": "22AC2016", "categoria": 9, "fechaVencimiento": "2016-11-23", "unidad_medida": 1, "precioV": "20.00", "precioC": "25.00", "existencia": "0.00", "MontoReal": "0.00", "igv": "0.00", "state": true}}, {"model": "ventas.producto", "pk": 106, "fields": {"nombre": "bozal rotwailer", "codigo": "23AC2016", "categoria": 9, "fechaVencimiento": "2016-11-23", "unidad_medida": 1, "precioV": "20.00", "precioC": "25.00", "existencia": "0.00", "MontoReal": "0.00", "igv": "0.00", "state": true}}, {"model": "ventas.producto", "pk": 107, "fields": {"nombre": "bozal coker", "codigo": "24AC2016", "categoria": 9, "fechaVencimiento": "2016-11-23", "unidad_medida": 1, "precioV": "20.00", "precioC": "25.00", "existencia": "0.00", "MontoReal": "0.00", "igv": "0.00", "state": true}}, {"model": "ventas.producto", "pk": 108, "fields": {"nombre": "bozal pastor", "codigo": "25AC2016", "categoria": 9, "fechaVencimiento": "2016-11-23", "unidad_medida": 1, "precioV": "20.00", "precioC": "25.00", "existencia": "0.00", "MontoReal": "0.00", "igv": "0.00", "state": true}}, {"model": "ventas.producto", "pk": 109, "fields": {"nombre": "wincha ", "codigo": "26AC2016", "categoria": 6, "fechaVencimiento": "2016-11-23", "unidad_medida": 1, "precioV": "21.00", "precioC": "23.00", "existencia": "0.00", "MontoReal": "0.00", "igv": "0.00", "state": true}}, {"model": "ventas.producto", "pk": 110, "fields": {"nombre": "collar con boche x6", "codigo": "27AC2016", "categoria": 6, "fechaVencimiento": "2016-11-23", "unidad_medida": 1, "precioV": "6.00", "precioC": "7.00", "existencia": "0.00", "MontoReal": "0.00", "igv": "0.00", "state": true}}, {"model": "ventas.producto", "pk": 111, "fields": {"nombre": "collar con aplicaci\u00f3n T1", "codigo": "28AC2016", "categoria": 6, "fechaVencimiento": "2016-11-23", "unidad_medida": 1, "precioV": "6.00", "precioC": "7.00", "existencia": "0.00", "MontoReal": "0.00", "igv": "0.00", "state": true}}, {"model": "ventas.producto", "pk": 112, "fields": {"nombre": "collar con aplicaci\u00f3n T3", "codigo": "29AC2016", "categoria": 6, "fechaVencimiento": "2016-11-23", "unidad_medida": 1, "precioV": "9.00", "precioC": "10.00", "existencia": "0.00", "MontoReal": "0.00", "igv": "0.00", "state": true}}, {"model": "ventas.producto", "pk": 113, "fields": {"nombre": "collar con aplicaci\u00f3n T5", "codigo": "30AC2016", "categoria": 6, "fechaVencimiento": "2016-11-23", "unidad_medida": 1, "precioV": "10.00", "precioC": "12.00", "existencia": "0.00", "MontoReal": "0.00", "igv": "0.00", "state": true}}, {"model": "ventas.producto", "pk": 114, "fields": {"nombre": "collar con aplicaci\u00f3n T6", "codigo": "31AC2016", "categoria": 6, "fechaVencimiento": "2016-11-23", "unidad_medida": 1, "precioV": "12.00", "precioC": "15.00", "existencia": "0.00", "MontoReal": "0.00", "igv": "0.00", "state": true}}, {"model": "ventas.producto", "pk": 115, "fields": {"nombre": "cadena de ahorque soldado 50", "codigo": "32AC2016", "categoria": 6, "fechaVencimiento": "2016-11-23", "unidad_medida": 1, "precioV": "9.00", "precioC": "11.00", "existencia": "0.00", "MontoReal": "0.00", "igv": "0.00", "state": true}}, {"model": "ventas.producto", "pk": 116, "fields": {"nombre": "cadena de ahorque soldado 60", "codigo": "33AC2016", "categoria": 6, "fechaVencimiento": "2016-11-23", "unidad_medida": 1, "precioV": "11.00", "precioC": "12.00", "existencia": "0.00", "MontoReal": "0.00", "igv": "0.00", "state": true}}, {"model": "ventas.producto", "pk": 117, "fields": {"nombre": "cadena de ahorque soldado 70", "codigo": "34AC2016", "categoria": 6, "fechaVencimiento": "2016-11-23", "unidad_medida": 1, "precioV": "10.00", "precioC": "13.00", "existencia": "0.00", "MontoReal": "0.00", "igv": "0.00", "state": true}}, {"model": "ventas.producto", "pk": 118, "fields": {"nombre": "soga gruesa 1.5 m", "codigo": "35AC2016", "categoria": 6, "fechaVencimiento": "2016-11-23", "unidad_medida": 1, "precioV": "9.00", "precioC": "10.00", "existencia": "0.00", "MontoReal": "0.00", "igv": "0.00", "state": true}}, {"model": "ventas.producto", "pk": 119, "fields": {"nombre": "plancha rapidex", "codigo": "01AS2016", "categoria": 10, "fechaVencimiento": "2016-11-23", "unidad_medida": 1, "precioV": "4.00", "precioC": "5.00", "existencia": "0.00", "MontoReal": "0.00", "igv": "0.00", "state": true}}, {"model": "ventas.producto", "pk": 120, "fields": {"nombre": "shampoo dokys caja x 30 ml", "codigo": "02AS2016", "categoria": 10, "fechaVencimiento": "2016-11-23", "unidad_medida": 1, "precioV": "1.00", "precioC": "2.00", "existencia": "0.00", "MontoReal": "0.00", "igv": "0.00", "state": true}}, {"model": "ventas.producto", "pk": 121, "fields": {"nombre": "shampo Boby bebe sachet", "codigo": "03AS2016", "categoria": 10, "fechaVencimiento": "2016-11-23", "unidad_medida": 1, "precioV": "1.00", "precioC": "2.00", "existencia": "0.00", "MontoReal": "0.00", "igv": "0.00", "state": true}}, {"model": "ventas.producto", "pk": 122, "fields": {"nombre": "colonia dokys 60 ml", "codigo": "04AS2016", "categoria": 10, "fechaVencimiento": "2016-11-23", "unidad_medida": 1, "precioV": "5.00", "precioC": "6.00", "existencia": "0.00", "MontoReal": "0.00", "igv": "0.00", "state": true}}, {"model": "ventas.producto", "pk": 123, "fields": {"nombre": "shampoo frasco x 400ml", "codigo": "05AS2016", "categoria": 10, "fechaVencimiento": "2016-11-23", "unidad_medida": 1, "precioV": "12.00", "precioC": "13.00", "existencia": "0.00", "MontoReal": "0.00", "igv": "0.00", "state": true}}, {"model": "ventas.producto", "pk": 124, "fields": {"nombre": "shampoo frasco x 250ml", "codigo": "06AS2016", "categoria": 10, "fechaVencimiento": "2016-11-23", "unidad_medida": 1, "precioV": "8.00", "precioC": "9.00", "existencia": "0.00", "MontoReal": "0.00", "igv": "0.00", "state": true}}, {"model": "ventas.producto", "pk": 125, "fields": {"nombre": "spray antipulga", "codigo": "07AS2016", "categoria": 10, "fechaVencimiento": "2016-11-23", "unidad_medida": 1, "precioV": "17.00", "precioC": "18.00", "existencia": "0.00", "MontoReal": "0.00", "igv": "0.00", "state": true}}, {"model": "ventas.producto", "pk": 126, "fields": {"nombre": "shampoo frasco boby 250 ml", "codigo": "08AS2016", "categoria": 10, "fechaVencimiento": "2016-11-23", "unidad_medida": 1, "precioV": "8.00", "precioC": "9.00", "existencia": "0.00", "MontoReal": "0.00", "igv": "0.00", "state": true}}, {"model": "ventas.producto", "pk": 127, "fields": {"nombre": "repelente Kanino", "codigo": "09AS2016", "categoria": 10, "fechaVencimiento": "2016-11-23", "unidad_medida": 1, "precioV": "16.00", "precioC": "18.00", "existencia": "0.00", "MontoReal": "0.00", "igv": "0.00", "state": true}}, {"model": "ventas.producto", "pk": 128, "fields": {"nombre": "repelente practica", "codigo": "10AS2016", "categoria": 10, "fechaVencimiento": "2016-11-23", "unidad_medida": 1, "precioV": "16.00", "precioC": "18.00", "existencia": "0.00", "MontoReal": "0.00", "igv": "0.00", "state": true}}, {"model": "ventas.producto", "pk": 129, "fields": {"nombre": "spray bucal", "codigo": "11AS2016", "categoria": 10, "fechaVencimiento": "2016-11-23", "unidad_medida": 1, "precioV": "16.00", "precioC": "18.00", "existencia": "0.00", "MontoReal": "0.00", "igv": "0.00", "state": true}}, {"model": "ventas.producto", "pk": 130, "fields": {"nombre": "spray antimordida", "codigo": "12AS2016", "categoria": 10, "fechaVencimiento": "2016-11-23", "unidad_medida": 1, "precioV": "16.00", "precioC": "18.00", "existencia": "0.00", "MontoReal": "0.00", "igv": "0.00", "state": true}}, {"model": "ventas.producto", "pk": 131, "fields": {"nombre": "shampo dokys x galon", "codigo": "13AS2016", "categoria": 10, "fechaVencimiento": "2016-11-23", "unidad_medida": 1, "precioV": "35.00", "precioC": "40.00", "existencia": "0.00", "MontoReal": "0.00", "igv": "0.00", "state": true}}, {"model": "ventas.producto", "pk": 132, "fields": {"nombre": "pipi aqu\u00ed", "codigo": "14AS2016", "categoria": 10, "fechaVencimiento": "2016-11-23", "unidad_medida": 1, "precioV": "12.00", "precioC": "15.00", "existencia": "0.00", "MontoReal": "0.00", "igv": "0.00", "state": true}}, {"model": "ventas.producto", "pk": 133, "fields": {"nombre": "cepillo dedal", "codigo": "15AS2016", "categoria": 10, "fechaVencimiento": "2016-11-23", "unidad_medida": 1, "precioV": "2.00", "precioC": "3.00", "existencia": "0.00", "MontoReal": "0.00", "igv": "0.00", "state": true}}, {"model": "ventas.producto", "pk": 134, "fields": {"nombre": "colchoneta suave T0", "codigo": "36AC2016", "categoria": 17, "fechaVencimiento": "2016-11-23", "unidad_medida": 1, "precioV": "18.00", "precioC": "20.00", "existencia": "0.00", "MontoReal": "0.00", "igv": "0.00", "state": true}}, {"model": "ventas.producto", "pk": 135, "fields": {"nombre": "colchoneta suave T1", "codigo": "37AC2016", "categoria": 17, "fechaVencimiento": "2016-11-23", "unidad_medida": 1, "precioV": "20.00", "precioC": "23.00", "existencia": "0.00", "MontoReal": "0.00", "igv": "0.00", "state": true}}, {"model": "ventas.producto", "pk": 136, "fields": {"nombre": "colchoneta suave T2", "codigo": "38AC2016", "categoria": 17, "fechaVencimiento": "2016-11-23", "unidad_medida": 1, "precioV": "25.00", "precioC": "28.00", "existencia": "0.00", "MontoReal": "0.00", "igv": "0.00", "state": true}}, {"model": "ventas.producto", "pk": 137, "fields": {"nombre": "colchoneta suave T3", "codigo": "39AC2016", "categoria": 17, "fechaVencimiento": "2016-11-23", "unidad_medida": 1, "precioV": "30.00", "precioC": "33.00", "existencia": "0.00", "MontoReal": "0.00", "igv": "0.00", "state": true}}, {"model": "ventas.producto", "pk": 138, "fields": {"nombre": "cama raton", "codigo": "40AC2016", "categoria": 17, "fechaVencimiento": "2016-11-23", "unidad_medida": 1, "precioV": "34.00", "precioC": "35.00", "existencia": "0.00", "MontoReal": "0.00", "igv": "0.00", "state": true}}, {"model": "ventas.producto", "pk": 139, "fields": {"nombre": "cama fresita", "codigo": "41AC2016", "categoria": 17, "fechaVencimiento": "2016-11-23", "unidad_medida": 1, "precioV": "28.00", "precioC": "30.00", "existencia": "0.00", "MontoReal": "0.00", "igv": "0.00", "state": true}}, {"model": "ventas.producto", "pk": 140, "fields": {"nombre": "cama cuadrada ", "codigo": "42AC2016", "categoria": 17, "fechaVencimiento": "2016-11-23", "unidad_medida": 1, "precioV": "40.00", "precioC": "45.00", "existencia": "0.00", "MontoReal": "0.00", "igv": "0.00", "state": true}}, {"model": "ventas.producto", "pk": 141, "fields": {"nombre": "cama abierta 0", "codigo": "43AC2016", "categoria": 17, "fechaVencimiento": "2016-11-23", "unidad_medida": 1, "precioV": "20.00", "precioC": "25.00", "existencia": "0.00", "MontoReal": "0.00", "igv": "0.00", "state": true}}, {"model": "ventas.producto", "pk": 142, "fields": {"nombre": "cama abierta 1", "codigo": "44AC2016", "categoria": 17, "fechaVencimiento": "2016-11-23", "unidad_medida": 1, "precioV": "25.00", "precioC": "30.00", "existencia": "0.00", "MontoReal": "0.00", "igv": "0.00", "state": true}}, {"model": "ventas.producto", "pk": 143, "fields": {"nombre": "cama abierta 2", "codigo": "45AC2016", "categoria": 17, "fechaVencimiento": "2016-11-23", "unidad_medida": 1, "precioV": "30.00", "precioC": "40.00", "existencia": "0.00", "MontoReal": "0.00", "igv": "0.00", "state": true}}, {"model": "ventas.producto", "pk": 144, "fields": {"nombre": "cama abierta 3", "codigo": "46AC2016", "categoria": 17, "fechaVencimiento": "2016-11-23", "unidad_medida": 1, "precioV": "40.00", "precioC": "50.00", "existencia": "0.00", "MontoReal": "0.00", "igv": "0.00", "state": true}}, {"model": "ventas.producto", "pk": 145, "fields": {"nombre": "cama abierta 4", "codigo": "47AC2016", "categoria": 17, "fechaVencimiento": "2016-11-23", "unidad_medida": 1, "precioV": "50.00", "precioC": "60.00", "existencia": "0.00", "MontoReal": "0.00", "igv": "0.00", "state": true}}, {"model": "ventas.producto", "pk": 146, "fields": {"nombre": "cama abierta 5", "codigo": "48AC2016", "categoria": 17, "fechaVencimiento": "2016-11-23", "unidad_medida": 1, "precioV": "60.00", "precioC": "70.00", "existencia": "0.00", "MontoReal": "0.00", "igv": "0.00", "state": true}}, {"model": "ventas.producto", "pk": 147, "fields": {"nombre": "iglu chico", "codigo": "49AC2016", "categoria": 17, "fechaVencimiento": "2016-11-23", "unidad_medida": 1, "precioV": "30.00", "precioC": "35.00", "existencia": "0.00", "MontoReal": "0.00", "igv": "0.00", "state": true}}, {"model": "ventas.producto", "pk": 148, "fields": {"nombre": "iglu mediano", "codigo": "50AC2016", "categoria": 17, "fechaVencimiento": "2016-11-23", "unidad_medida": 1, "precioV": "45.00", "precioC": "50.00", "existencia": "0.00", "MontoReal": "0.00", "igv": "0.00", "state": true}}, {"model": "ventas.producto", "pk": 149, "fields": {"nombre": "iglu grande", "codigo": "51AC2016", "categoria": 17, "fechaVencimiento": "2016-11-23", "unidad_medida": 1, "precioV": "50.00", "precioC": "60.00", "existencia": "0.00", "MontoReal": "0.00", "igv": "0.00", "state": true}}, {"model": "ventas.producto", "pk": 150, "fields": {"nombre": "casa pega Nro 1", "codigo": "52AC2016", "categoria": 17, "fechaVencimiento": "2016-11-23", "unidad_medida": 1, "precioV": "25.00", "precioC": "28.00", "existencia": "0.00", "MontoReal": "0.00", "igv": "0.00", "state": true}}, {"model": "ventas.producto", "pk": 151, "fields": {"nombre": "casa pega Nro 2", "codigo": "53AC2016", "categoria": 17, "fechaVencimiento": "2016-11-23", "unidad_medida": 1, "precioV": "35.00", "precioC": "38.00", "existencia": "0.00", "MontoReal": "0.00", "igv": "0.00", "state": true}}, {"model": "ventas.producto", "pk": 152, "fields": {"nombre": "pechera chaleco T0", "codigo": "54AC2016", "categoria": 12, "fechaVencimiento": "2016-11-23", "unidad_medida": 1, "precioV": "4.00", "precioC": "5.00", "existencia": "0.00", "MontoReal": "0.00", "igv": "0.00", "state": true}}, {"model": "ventas.producto", "pk": 153, "fields": {"nombre": "pechera chaleco T1", "codigo": "55AC2016", "categoria": 12, "fechaVencimiento": "2016-11-23", "unidad_medida": 1, "precioV": "5.00", "precioC": "6.00", "existencia": "0.00", "MontoReal": "0.00", "igv": "0.00", "state": true}}, {"model": "ventas.producto", "pk": 154, "fields": {"nombre": "pechera chaleco T2", "codigo": "56AC2016", "categoria": 12, "fechaVencimiento": "2016-11-23", "unidad_medida": 1, "precioV": "6.00", "precioC": "7.00", "existencia": "0.00", "MontoReal": "0.00", "igv": "0.00", "state": true}}, {"model": "ventas.producto", "pk": 155, "fields": {"nombre": "pechera chaleco T3", "codigo": "57AC2016", "categoria": 12, "fechaVencimiento": "2016-11-23", "unidad_medida": 1, "precioV": "7.00", "precioC": "8.00", "existencia": "0.00", "MontoReal": "0.00", "igv": "0.00", "state": true}}, {"model": "ventas.producto", "pk": 156, "fields": {"nombre": "pechera bolsa T1", "codigo": "58AC2016", "categoria": 12, "fechaVencimiento": "2016-11-23", "unidad_medida": 1, "precioV": "9.00", "precioC": "10.00", "existencia": "0.00", "MontoReal": "0.00", "igv": "0.00", "state": true}}, {"model": "ventas.producto", "pk": 157, "fields": {"nombre": "pechera bolsa T2", "codigo": "59AC2016", "categoria": 12, "fechaVencimiento": "2016-11-23", "unidad_medida": 1, "precioV": "9.00", "precioC": "11.00", "existencia": "0.00", "MontoReal": "0.00", "igv": "0.00", "state": true}}, {"model": "ventas.producto", "pk": 158, "fields": {"nombre": "pechera bolsa T3", "codigo": "60AC2016", "categoria": 12, "fechaVencimiento": "2016-11-23", "unidad_medida": 1, "precioV": "11.00", "precioC": "12.00", "existencia": "0.00", "MontoReal": "0.00", "igv": "0.00", "state": true}}, {"model": "ventas.producto", "pk": 159, "fields": {"nombre": "pechera bolsa T4", "codigo": "61AC2016", "categoria": 12, "fechaVencimiento": "2016-11-23", "unidad_medida": 1, "precioV": "12.00", "precioC": "13.00", "existencia": "0.00", "MontoReal": "0.00", "igv": "0.00", "state": true}}, {"model": "ventas.producto", "pk": 160, "fields": {"nombre": "pechera nylon T1", "codigo": "62AC2016", "categoria": 12, "fechaVencimiento": "2016-11-23", "unidad_medida": 1, "precioV": "5.00", "precioC": "6.00", "existencia": "0.00", "MontoReal": "0.00", "igv": "0.00", "state": true}}, {"model": "ventas.producto", "pk": 161, "fields": {"nombre": "pechera nylon T2", "codigo": "63AC2016", "categoria": 12, "fechaVencimiento": "2016-11-23", "unidad_medida": 1, "precioV": "5.00", "precioC": "7.00", "existencia": "0.00", "MontoReal": "0.00", "igv": "0.00", "state": true}}, {"model": "ventas.producto", "pk": 162, "fields": {"nombre": "pechera nylon T3", "codigo": "64AC2016", "categoria": 12, "fechaVencimiento": "2016-11-23", "unidad_medida": 1, "precioV": "7.00", "precioC": "8.00", "existencia": "0.00", "MontoReal": "0.00", "igv": "0.00", "state": true}}, {"model": "ventas.producto", "pk": 163, "fields": {"nombre": "pechera nylon T4", "codigo": "65AC2016", "categoria": 12, "fechaVencimiento": "2016-11-23", "unidad_medida": 1, "precioV": "8.00", "precioC": "9.00", "existencia": "0.00", "MontoReal": "0.00", "igv": "0.00", "state": true}}, {"model": "ventas.producto", "pk": 164, "fields": {"nombre": "pechera nylon cuero S", "codigo": "66AC2016", "categoria": 12, "fechaVencimiento": "2016-11-23", "unidad_medida": 1, "precioV": "12.00", "precioC": "13.00", "existencia": "0.00", "MontoReal": "0.00", "igv": "0.00", "state": true}}, {"model": "ventas.producto", "pk": 165, "fields": {"nombre": "pechera nylon cuero M", "codigo": "67AC2016", "categoria": 12, "fechaVencimiento": "2016-11-23", "unidad_medida": 1, "precioV": "13.00", "precioC": "15.00", "existencia": "0.00", "MontoReal": "0.00", "igv": "0.00", "state": true}}, {"model": "ventas.producto", "pk": 166, "fields": {"nombre": "pechera nylon cuero L", "codigo": "68AC2016", "categoria": 12, "fechaVencimiento": "2016-11-23", "unidad_medida": 1, "precioV": "15.00", "precioC": "17.00", "existencia": "0.00", "MontoReal": "0.00", "igv": "0.00", "state": true}}, {"model": "ventas.producto", "pk": 167, "fields": {"nombre": "pechera cuero T1", "codigo": "69AC2016", "categoria": 12, "fechaVencimiento": "2016-11-23", "unidad_medida": 1, "precioV": "15.00", "precioC": "20.00", "existencia": "0.00", "MontoReal": "0.00", "igv": "0.00", "state": true}}, {"model": "ventas.producto", "pk": 168, "fields": {"nombre": "pechera cuero T2", "codigo": "70AC2016", "categoria": 12, "fechaVencimiento": "2016-11-23", "unidad_medida": 1, "precioV": "12.00", "precioC": "13.00", "existencia": "0.00", "MontoReal": "0.00", "igv": "0.00", "state": true}}, {"model": "ventas.producto", "pk": 169, "fields": {"nombre": "pechera cuero T3", "codigo": "71AC2016", "categoria": 12, "fechaVencimiento": "2016-11-23", "unidad_medida": 1, "precioV": "13.00", "precioC": "14.00", "existencia": "0.00", "MontoReal": "0.00", "igv": "0.00", "state": true}}, {"model": "ventas.producto", "pk": 170, "fields": {"nombre": "pechera cuero T4", "codigo": "72AC2016", "categoria": 12, "fechaVencimiento": "2016-11-23", "unidad_medida": 1, "precioV": "15.00", "precioC": "16.00", "existencia": "0.00", "MontoReal": "0.00", "igv": "0.00", "state": true}}, {"model": "ventas.producto", "pk": 171, "fields": {"nombre": "pechera cuero T5", "codigo": "73AC2016", "categoria": 12, "fechaVencimiento": "2016-11-23", "unidad_medida": 1, "precioV": "16.00", "precioC": "17.00", "existencia": "0.00", "MontoReal": "0.00", "igv": "0.00", "state": true}}, {"model": "ventas.producto", "pk": 172, "fields": {"nombre": "pechera cuero T6", "codigo": "74AC2016", "categoria": 12, "fechaVencimiento": "2016-11-23", "unidad_medida": 1, "precioV": "17.00", "precioC": "18.00", "existencia": "0.00", "MontoReal": "0.00", "igv": "0.00", "state": true}}, {"model": "ventas.producto", "pk": 173, "fields": {"nombre": "pechera cuero T7", "codigo": "75AC2016", "categoria": 12, "fechaVencimiento": "2016-11-23", "unidad_medida": 1, "precioV": "20.00", "precioC": "23.00", "existencia": "0.00", "MontoReal": "0.00", "igv": "0.00", "state": true}}, {"model": "ventas.producto", "pk": 174, "fields": {"nombre": "bebedero de hamster", "codigo": "76AC2016", "categoria": 16, "fechaVencimiento": "2016-11-23", "unidad_medida": 1, "precioV": "6.00", "precioC": "7.00", "existencia": "0.00", "MontoReal": "0.00", "igv": "0.00", "state": true}}, {"model": "ventas.producto", "pk": 175, "fields": {"nombre": "pala recogedor gato", "codigo": "77AC2016", "categoria": 16, "fechaVencimiento": "2016-11-23", "unidad_medida": 1, "precioV": "5.00", "precioC": "6.00", "existencia": "0.00", "MontoReal": "0.00", "igv": "0.00", "state": true}}, {"model": "ventas.producto", "pk": 176, "fields": {"nombre": "pala tipo tijera", "codigo": "78AC2016", "categoria": 16, "fechaVencimiento": "2016-11-23", "unidad_medida": 1, "precioV": "5.00", "precioC": "6.00", "existencia": "0.00", "MontoReal": "0.00", "igv": "0.00", "state": true}}, {"model": "ventas.producto", "pk": 177, "fields": {"nombre": "plato hondo con huesito", "codigo": "79AC2016", "categoria": 16, "fechaVencimiento": "2016-11-23", "unidad_medida": 1, "precioV": "4.00", "precioC": "5.00", "existencia": "0.00", "MontoReal": "0.00", "igv": "0.00", "state": true}}, {"model": "ventas.producto", "pk": 178, "fields": {"nombre": "plato blanco importado S", "codigo": "80AC2016", "categoria": 16, "fechaVencimiento": "2016-11-23", "unidad_medida": 1, "precioV": "4.00", "precioC": "5.00", "existencia": "0.00", "MontoReal": "0.00", "igv": "0.00", "state": true}}, {"model": "ventas.producto", "pk": 179, "fields": {"nombre": "plato blanco importado M", "codigo": "81AC2016", "categoria": 16, "fechaVencimiento": "2016-11-23", "unidad_medida": 1, "precioV": "4.00", "precioC": "5.00", "existencia": "0.00", "MontoReal": "0.00", "igv": "0.00", "state": true}}, {"model": "ventas.producto", "pk": 180, "fields": {"nombre": "plato blanco importado L", "codigo": "82AC2016", "categoria": 16, "fechaVencimiento": "2016-11-23", "unidad_medida": 1, "precioV": "5.00", "precioC": "6.00", "existencia": "0.00", "MontoReal": "0.00", "igv": "0.00", "state": true}}, {"model": "ventas.producto", "pk": 181, "fields": {"nombre": "plato doble grande", "codigo": "83AC2016", "categoria": 16, "fechaVencimiento": "2016-11-23", "unidad_medida": 1, "precioV": "7.00", "precioC": "8.00", "existencia": "0.00", "MontoReal": "0.00", "igv": "0.00", "state": true}}, {"model": "ventas.producto", "pk": 182, "fields": {"nombre": "soga", "codigo": "84AC2016", "categoria": 15, "fechaVencimiento": "2016-11-23", "unidad_medida": 1, "precioV": "5.00", "precioC": "6.00", "existencia": "0.00", "MontoReal": "0.00", "igv": "0.00", "state": true}}, {"model": "ventas.producto", "pk": 183, "fields": {"nombre": "pollo chico", "codigo": "85AC2016", "categoria": 15, "fechaVencimiento": "2016-11-23", "unidad_medida": 1, "precioV": "3.00", "precioC": "4.00", "existencia": "0.00", "MontoReal": "0.00", "igv": "0.00", "state": true}}, {"model": "ventas.producto", "pk": 184, "fields": {"nombre": "pollo mediano", "codigo": "86AC2016", "categoria": 15, "fechaVencimiento": "2016-11-23", "unidad_medida": 1, "precioV": "5.00", "precioC": "7.00", "existencia": "0.00", "MontoReal": "0.00", "igv": "0.00", "state": true}}, {"model": "ventas.producto", "pk": 185, "fields": {"nombre": "chancho mediano", "codigo": "87AC2016", "categoria": 15, "fechaVencimiento": "2016-11-23", "unidad_medida": 1, "precioV": "5.00", "precioC": "7.00", "existencia": "0.00", "MontoReal": "0.00", "igv": "0.00", "state": true}}, {"model": "ventas.producto", "pk": 186, "fields": {"nombre": "chancho grande", "codigo": "88AC2016", "categoria": 15, "fechaVencimiento": "2016-11-23", "unidad_medida": 1, "precioV": "6.00", "precioC": "8.00", "existencia": "0.00", "MontoReal": "0.00", "igv": "0.00", "state": true}}, {"model": "ventas.producto", "pk": 187, "fields": {"nombre": "cortau\u00f1a negra", "codigo": "16AS2016", "categoria": 11, "fechaVencimiento": "2016-11-23", "unidad_medida": 1, "precioV": "9.00", "precioC": "10.00", "existencia": "0.00", "MontoReal": "0.00", "igv": "0.00", "state": true}}, {"model": "ventas.producto", "pk": 188, "fields": {"nombre": "desmotador", "codigo": "17AS2016", "categoria": 11, "fechaVencimiento": "2016-11-23", "unidad_medida": 1, "precioV": "10.00", "precioC": "12.00", "existencia": "0.00", "MontoReal": "0.00", "igv": "0.00", "state": true}}, {"model": "ventas.producto", "pk": 189, "fields": {"nombre": "bolsa de hueso x 1 kg dentitoy", "codigo": "01AL2016", "categoria": 14, "fechaVencimiento": "2016-11-23", "unidad_medida": 1, "precioV": "33.00", "precioC": "35.00", "existencia": "0.00", "MontoReal": "0.00", "igv": "0.00", "state": true}}, {"model": "ventas.producto", "pk": 190, "fields": {"nombre": "mini dentitoy", "codigo": "02AL2016", "categoria": 14, "fechaVencimiento": "2016-11-23", "unidad_medida": 1, "precioV": "12.00", "precioC": "14.00", "existencia": "0.00", "MontoReal": "0.00", "igv": "0.00", "state": true}}, {"model": "ventas.producto", "pk": 191, "fields": {"nombre": "biberon", "codigo": "01FA2016", "categoria": 13, "fechaVencimiento": "2016-11-23", "unidad_medida": 1, "precioV": "4.00", "precioC": "5.00", "existencia": "0.00", "MontoReal": "0.00", "igv": "0.00", "state": true}}, {"model": "ventas.producto", "pk": 192, "fields": {"nombre": "leche maternizada sustile", "codigo": "02FA2016", "categoria": 13, "fechaVencimiento": "2016-11-23", "unidad_medida": 1, "precioV": "40.00", "precioC": "45.00", "existencia": "24.00", "MontoReal": "960.00", "igv": "172.80", "state": true}}, {"model": "ventas.producto", "pk": 193, "fields": {"nombre": "vacuna quintuple", "codigo": "", "categoria": 3, "fechaVencimiento": "2016-12-27", "unidad_medida": 2, "precioV": "10.00", "precioC": "200.00", "existencia": "45.00", "MontoReal": "459.00", "igv": "81.00", "state": true}}, {"model": "clinica.cliente", "pk": 1, "fields": {"persona": 4, "direccion": "Jr. Junin 410", "ciudad": "Juliaca", "email": "renzo@gmail.com", "telefono": 987654566, "created": "2017-06-18T06:32:13.469Z", "updated": "2017-06-18T06:32:13.569Z"}}, {"model": "clinica.cliente", "pk": 2, "fields": {"persona": 5, "direccion": "051", "ciudad": "Julicaca", "email": "dyusel145.2@gmail.com", "telefono": null, "created": "2017-06-26T00:38:17.176Z", "updated": "2017-06-26T00:38:17.317Z"}}, {"model": "clinica.mascota", "pk": 1, "fields": {"nombre": "Boby", "duenho": 1, "fecha_nacimiento": "2017-01-02T05:00:00Z", "genero": "Macho", "especie": 1, "raza": 2, "color": 2, "cond_corporal": "Buena", "esterelizado": true, "is_active": true, "is_actived": false, "descripcion": ""}}, {"model": "clinica.colamedica", "pk": 1, "fields": {"fuente_atencion": "eeee", "mascota": 1, "medico": 1, "fecha": "2017-06-25", "hora": "23:45:35.988", "descripcion": "Mascota en buen estado", "is_active": true, "is_actived": false}}, {"model": "clinica.colamedica", "pk": 2, "fields": {"fuente_atencion": "sd", "mascota": 1, "medico": 1, "fecha": "2017-06-25", "hora": "23:47:53.464", "descripcion": "sdsd", "is_active": true, "is_actived": false}}, {"model": "clinica.colamedica", "pk": 3, "fields": {"fuente_atencion": "df", "mascota": 1, "medico": 2, "fecha": "2017-06-25", "hora": "23:48:19.073", "descripcion": "sdsd", "is_active": true, "is_actived": false}}, {"model": "clinica.colamedica", "pk": 4, "fields": {"fuente_atencion": "Sala de Operaci\u00f3n", "mascota": 1, "medico": 3, "fecha": "2017-06-26", "hora": "03:26:07.979", "descripcion": "Mascota en buen estado", "is_active": true, "is_actived": false}}, {"model": "clinica.historial", "pk": 1, "fields": {"num_historia": "1", "veterinario": 2, "mascota": 1, "created_ath": "2017-06-18T06:43:48.407Z", "caracter": "tranquilo", "actividad": "alta", "habitar": "casa", "alimentacion": "balanceada", "aptitup": "compa\u00f1ia", "convive": "Si"}}, {"model": "clinica.atenciones", "pk": 1, "fields": {"colamedica": 4, "estado": false, "created_ath": "2017-06-26T08:29:38.723Z"}}, {"model": "clinica.archivosadjuntos", "pk": 1, "fields": {"atenciones": 1, "file": "archivos/Seleccione_Compra_para_cambiar__CLIVET_site_admin_.pdf", "created_time": "03:30:56.617", "created_ath": "2017-06-26"}}, {"model": "clinica.vacunacion", "pk": 1, "fields": {"atenciones": 1, "motivo": "1", "created_ath": "2017-06-26T08:31:08.617Z", "tipo_vacunacion": "", "vacuna": 4, "dosis": "2", "observacion": ""}}, {"model": "clinica.notas", "pk": 1, "fields": {"atenciones": 1, "descripcion": "Mascota en buen estado", "created_time": "03:30:43.344", "created_ath": "2017-06-26"}}, {"model": "configuracion.especie", "pk": 1, "fields": {"nombre": "Caninos"}}, {"model": "configuracion.especie", "pk": 2, "fields": {"nombre": "Felinos"}}, {"model": "configuracion.especie", "pk": 3, "fields": {"nombre": "Aves"}}, {"model": "configuracion.especie", "pk": 4, "fields": {"nombre": "Roedores"}}, {"model": "configuracion.raza", "pk": 2, "fields": {"especie": 1, "nombre": "Peque\u00f1in"}}, {"model": "configuracion.raza", "pk": 3, "fields": {"especie": 1, "nombre": "Pastor Aleman"}}, {"model": "configuracion.raza", "pk": 4, "fields": {"especie": 2, "nombre": "Gatos"}}, {"model": "configuracion.raza", "pk": 5, "fields": {"especie": 3, "nombre": "Ave1"}}, {"model": "configuracion.raza", "pk": 6, "fields": {"especie": 3, "nombre": "ave2"}}, {"model": "configuracion.raza", "pk": 7, "fields": {"especie": 4, "nombre": "roedor 1"}}, {"model": "configuracion.raza", "pk": 8, "fields": {"especie": 1, "nombre": "color 2 canino 1"}}, {"model": "configuracion.color", "pk": 1, "fields": {"especie": 1, "raza": 2, "nombre": "blanco y negro"}}, {"model": "configuracion.color", "pk": 2, "fields": {"especie": 1, "raza": 2, "nombre": "blanco"}}, {"model": "configuracion.color", "pk": 3, "fields": {"especie": 1, "raza": 3, "nombre": "Negro"}}, {"model": "configuracion.color", "pk": 4, "fields": {"especie": 1, "raza": 3, "nombre": "gris, plateado, rijoso y blanco"}}, {"model": "configuracion.color", "pk": 5, "fields": {"especie": 2, "raza": 4, "nombre": "Blnaco"}}, {"model": "configuracion.color", "pk": 6, "fields": {"especie": 3, "raza": 5, "nombre": "colorave1"}}, {"model": "configuracion.color", "pk": 7, "fields": {"especie": 3, "raza": 5, "nombre": "coloave2"}}, {"model": "configuracion.color", "pk": 8, "fields": {"especie": 3, "raza": 5, "nombre": "colorave3"}}, {"model": "configuracion.color", "pk": 9, "fields": {"especie": 4, "raza": 7, "nombre": "color1"}}, {"model": "configuracion.color", "pk": 10, "fields": {"especie": 4, "raza": 7, "nombre": "color 2"}}, {"model": "configuracion.antiparasitario", "pk": 10, "fields": {"nombre": "antiparasitario 1", "especie": 1, "is_active": true, "is_actived": false}}, {"model": "configuracion.servicios", "pk": 3, "fields": {"nombre": "Peluquer\u00eda", "precio": "11", "descripcion": "Corte y peinado de las mascota", "is_active": true, "is_actived": false}}, {"model": "configuracion.servicios", "pk": 4, "fields": {"nombre": "Ba\u00f1o", "precio": "17", "descripcion": "", "is_active": true, "is_actived": false}}, {"model": "configuracion.servicios", "pk": 5, "fields": {"nombre": "Atenci\u00f3n Clinica", "precio": "5", "descripcion": "", "is_active": true, "is_actived": false}}, {"model": "admin.logentry", "pk": 1, "fields": {"action_time": "2017-06-18T03:16:19.376Z", "user": 1, "content_type": 3, "object_id": "10", "object_repr": "VETERINARIO", "action_flag": 2, "change_message": "Modificado/a permissions."}}, {"model": "admin.logentry", "pk": 2, "fields": {"action_time": "2017-06-18T03:19:22.800Z", "user": 1, "content_type": 3, "object_id": "1", "object_repr": "MASTER", "action_flag": 2, "change_message": "No ha cambiado ning\u00fan campo."}}, {"model": "admin.logentry", "pk": 3, "fields": {"action_time": "2017-06-18T03:26:29.982Z", "user": 1, "content_type": 4, "object_id": "134", "object_repr": "dashboard", "action_flag": 1, "change_message": "A\u00f1adido."}}, {"model": "admin.logentry", "pk": 4, "fields": {"action_time": "2017-06-18T03:27:00.024Z", "user": 1, "content_type": 4, "object_id": "134", "object_repr": "dashboard", "action_flag": 3, "change_message": ""}}, {"model": "admin.logentry", "pk": 5, "fields": {"action_time": "2017-06-18T03:27:20.962Z", "user": 1, "content_type": 4, "object_id": "135", "object_repr": "dashboard_clivet", "action_flag": 1, "change_message": "A\u00f1adido."}}, {"model": "admin.logentry", "pk": 6, "fields": {"action_time": "2017-06-18T03:28:39.364Z", "user": 1, "content_type": 2, "object_id": "316", "object_repr": "clivet | dashboard_clivet | Can view clivet/dashboard", "action_flag": 1, "change_message": "A\u00f1adido."}}, {"model": "admin.logentry", "pk": 7, "fields": {"action_time": "2017-06-18T03:32:24.878Z", "user": 1, "content_type": 4, "object_id": "135", "object_repr": "MainView", "action_flag": 2, "change_message": "Modificado/a model."}}, {"model": "admin.logentry", "pk": 8, "fields": {"action_time": "2017-06-18T03:32:47.265Z", "user": 1, "content_type": 2, "object_id": "316", "object_repr": "clivet | MainView | Can view clivet/dashboard", "action_flag": 2, "change_message": "No ha cambiado ning\u00fan campo."}}, {"model": "admin.logentry", "pk": 9, "fields": {"action_time": "2017-06-18T03:53:32.386Z", "user": 1, "content_type": 2, "object_id": "316", "object_repr": "clivet | MainView | Can view clivet/dashboard", "action_flag": 2, "change_message": "Modificado/a codename."}}, {"model": "admin.logentry", "pk": 10, "fields": {"action_time": "2017-06-18T03:53:34.762Z", "user": 1, "content_type": 2, "object_id": "55", "object_repr": "clivet | MainView | Can view mod_backend/dashboard", "action_flag": 2, "change_message": "Modificado/a content_type."}}, {"model": "admin.logentry", "pk": 11, "fields": {"action_time": "2017-06-18T04:43:22.652Z", "user": 1, "content_type": 8, "object_id": "2", "object_repr": "rusbel", "action_flag": 2, "change_message": "Modificado/a user_permissions."}}, {"model": "admin.logentry", "pk": 12, "fields": {"action_time": "2017-06-18T04:43:56.443Z", "user": 1, "content_type": 3, "object_id": "10", "object_repr": "VETERINARIO", "action_flag": 2, "change_message": "Modificado/a permissions."}}, {"model": "admin.logentry", "pk": 13, "fields": {"action_time": "2017-06-18T04:45:29.819Z", "user": 1, "content_type": 8, "object_id": "2", "object_repr": "rusbel", "action_flag": 2, "change_message": "Modificado/a user_permissions."}}, {"model": "admin.logentry", "pk": 14, "fields": {"action_time": "2017-06-18T06:34:24.536Z", "user": 1, "content_type": 132, "object_id": "1", "object_repr": "Pastor ", "action_flag": 3, "change_message": ""}}, {"model": "admin.logentry", "pk": 15, "fields": {"action_time": "2017-06-18T06:37:12.031Z", "user": 1, "content_type": 131, "object_id": "2", "object_repr": "Felinos", "action_flag": 1, "change_message": "A\u00f1adido."}}, {"model": "admin.logentry", "pk": 16, "fields": {"action_time": "2017-06-18T06:47:24.070Z", "user": 1, "content_type": 132, "object_id": "3", "object_repr": "Pastor Aleman", "action_flag": 2, "change_message": "No ha cambiado ning\u00fan campo."}}, {"model": "admin.logentry", "pk": 17, "fields": {"action_time": "2017-06-18T06:47:30.240Z", "user": 1, "content_type": 132, "object_id": "2", "object_repr": "Peque\u00f1in", "action_flag": 2, "change_message": "No ha cambiado ning\u00fan campo."}}, {"model": "admin.logentry", "pk": 18, "fields": {"action_time": "2017-06-18T06:47:46.378Z", "user": 1, "content_type": 132, "object_id": "4", "object_repr": "Gatos", "action_flag": 1, "change_message": "A\u00f1adido."}}, {"model": "admin.logentry", "pk": 19, "fields": {"action_time": "2017-06-18T06:48:32.780Z", "user": 1, "content_type": 133, "object_id": "3", "object_repr": "Negro", "action_flag": 2, "change_message": "No ha cambiado ning\u00fan campo."}}, {"model": "admin.logentry", "pk": 20, "fields": {"action_time": "2017-06-18T06:48:54.933Z", "user": 1, "content_type": 133, "object_id": "5", "object_repr": "Blnaco", "action_flag": 1, "change_message": "A\u00f1adido."}}, {"model": "admin.logentry", "pk": 21, "fields": {"action_time": "2017-06-26T02:59:34.769Z", "user": 1, "content_type": 103, "object_id": "1", "object_repr": "1", "action_flag": 1, "change_message": "A\u00f1adido."}}, {"model": "admin.logentry", "pk": 22, "fields": {"action_time": "2017-06-26T02:59:45.843Z", "user": 1, "content_type": 103, "object_id": "2", "object_repr": "2", "action_flag": 1, "change_message": "A\u00f1adido."}}, {"model": "admin.logentry", "pk": 23, "fields": {"action_time": "2017-06-26T02:59:52.572Z", "user": 1, "content_type": 103, "object_id": "3", "object_repr": "3", "action_flag": 1, "change_message": "A\u00f1adido."}}, {"model": "admin.logentry", "pk": 24, "fields": {"action_time": "2017-06-26T08:23:16.041Z", "user": 1, "content_type": 107, "object_id": "1", "object_repr": "23", "action_flag": 1, "change_message": "A\u00f1adido."}}, {"model": "admin.logentry", "pk": 25, "fields": {"action_time": "2017-06-26T08:23:21.746Z", "user": 1, "content_type": 108, "object_id": "1", "object_repr": "1 1 a 12 23", "action_flag": 1, "change_message": "A\u00f1adido."}}, {"model": "admin.logentry", "pk": 26, "fields": {"action_time": "2017-06-27T23:36:49.496Z", "user": 1, "content_type": 3, "object_id": "16", "object_repr": "ADMINISTRADOR", "action_flag": 2, "change_message": "Modificado/a permissions."}}, {"model": "admin.logentry", "pk": 27, "fields": {"action_time": "2017-06-27T23:38:12.257Z", "user": 1, "content_type": 3, "object_id": "16", "object_repr": "ADMINISTRADOR", "action_flag": 2, "change_message": "Modificado/a permissions."}}, {"model": "admin.logentry", "pk": 28, "fields": {"action_time": "2017-06-27T23:38:29.431Z", "user": 1, "content_type": 3, "object_id": "17", "object_repr": "ALMACENERO", "action_flag": 2, "change_message": "Modificado/a permissions."}}, {"model": "admin.logentry", "pk": 29, "fields": {"action_time": "2017-06-27T23:39:23.616Z", "user": 1, "content_type": 3, "object_id": "14", "object_repr": "GERENTE ASOCIACION", "action_flag": 2, "change_message": "Modificado/a permissions."}}, {"model": "admin.logentry", "pk": 30, "fields": {"action_time": "2017-06-27T23:40:10.112Z", "user": 1, "content_type": 3, "object_id": "15", "object_repr": "GERENTE DE LA EMPRESA", "action_flag": 2, "change_message": "Modificado/a permissions."}}, {"model": "admin.logentry", "pk": 31, "fields": {"action_time": "2017-06-27T23:40:14.927Z", "user": 1, "content_type": 3, "object_id": "14", "object_repr": "GERENTE ASOCIACION", "action_flag": 2, "change_message": "No ha cambiado ning\u00fan campo."}}, {"model": "admin.logentry", "pk": 32, "fields": {"action_time": "2017-06-27T23:40:38.404Z", "user": 1, "content_type": 3, "object_id": "16", "object_repr": "ADMINISTRADOR", "action_flag": 2, "change_message": "Modificado/a permissions."}}, {"model": "admin.logentry", "pk": 33, "fields": {"action_time": "2017-06-27T23:41:32.387Z", "user": 1, "content_type": 3, "object_id": "11", "object_repr": "GERENTE VENTAS", "action_flag": 2, "change_message": "Modificado/a permissions."}}, {"model": "admin.logentry", "pk": 34, "fields": {"action_time": "2017-06-27T23:42:05.077Z", "user": 1, "content_type": 3, "object_id": "13", "object_repr": "RRHH", "action_flag": 2, "change_message": "Modificado/a permissions."}}, {"model": "admin.logentry", "pk": 35, "fields": {"action_time": "2017-06-27T23:44:52.310Z", "user": 1, "content_type": 3, "object_id": "12", "object_repr": "VENDEDOR/RECEPCIONISTA", "action_flag": 2, "change_message": "Modificado/a permissions."}}, {"model": "admin.logentry", "pk": 36, "fields": {"action_time": "2017-06-27T23:45:41.798Z", "user": 1, "content_type": 3, "object_id": "10", "object_repr": "VETERINARIO", "action_flag": 2, "change_message": "Modificado/a permissions."}}, {"model": "admin.logentry", "pk": 37, "fields": {"action_time": "2017-06-27T23:45:58.953Z", "user": 1, "content_type": 3, "object_id": "1", "object_repr": "MASTER", "action_flag": 2, "change_message": "Modificado/a permissions."}}, {"model": "admin.logentry", "pk": 38, "fields": {"action_time": "2017-06-28T15:19:18.336Z", "user": 1, "content_type": 137, "object_id": "1", "object_repr": "Atenci\u00f3n Clinica", "action_flag": 1, "change_message": "A\u00f1adido."}}, {"model": "admin.logentry", "pk": 39, "fields": {"action_time": "2017-06-28T15:19:36.066Z", "user": 1, "content_type": 137, "object_id": "2", "object_repr": "Ba\u00f1o", "action_flag": 1, "change_message": "A\u00f1adido."}}, {"model": "admin.logentry", "pk": 40, "fields": {"action_time": "2017-06-28T15:20:04.794Z", "user": 1, "content_type": 137, "object_id": "3", "object_repr": "Peluquer\u00eda", "action_flag": 1, "change_message": "A\u00f1adido."}}, {"model": "admin.logentry", "pk": 41, "fields": {"action_time": "2017-06-28T15:20:27.916Z", "user": 1, "content_type": 137, "object_id": "3", "object_repr": "Peluquer\u00eda", "action_flag": 2, "change_message": "No ha cambiado ning\u00fan campo."}}]