[{"model": "ventas.producto", "pk": 1, "fields": {"nombre": "capa polar # M", "codigo": "01IN2016", "categoria": 1, "fechaVencimiento": "2016-11-23", "unidad_medida": 1, "precioV": "4.00", "precioC": "5.00", "existencia": "1.00", "MontoReal": "29.20", "igv": "0.73"}}, {"model": "ventas.producto", "pk": 2, "fields": {"nombre": "Capa polar # 0", "codigo": "02IN2016", "categoria": 1, "fechaVencimiento": "2016-11-23", "unidad_medida": 1, "precioV": "5.00", "precioC": "4.00", "existencia": "0.00", "MontoReal": "0.00", "igv": "0.00"}}, {"model": "ventas.producto", "pk": 3, "fields": {"nombre": "capa polar #1", "codigo": "03IN2016", "categoria": 1, "fechaVencimiento": "2016-11-23", "unidad_medida": 1, "precioV": "6.00", "precioC": "6.50", "existencia": "0.00", "MontoReal": "0.00", "igv": "0.00"}}, {"model": "ventas.producto", "pk": 4, "fields": {"nombre": "capa polar #2", "codigo": "04IN2016", "categoria": 1, "fechaVencimiento": "2016-11-23", "unidad_medida": 1, "precioV": "6.00", "precioC": "7.00", "existencia": "0.00", "MontoReal": "0.00", "igv": "0.00"}}, {"model": "ventas.producto", "pk": 5, "fields": {"nombre": "capa polar #3", "codigo": "05IN2016", "categoria": 1, "fechaVencimiento": "2016-11-23", "unidad_medida": 1, "precioV": "7.00", "precioC": "8.00", "existencia": "0.00", "MontoReal": "0.00", "igv": "0.00"}}, {"model": "ventas.producto", "pk": 6, "fields": {"nombre": "capa polar #4", "codigo": "06IN2016", "categoria": 1, "fechaVencimiento": "2016-11-23", "unidad_medida": 1, "precioV": "9.00", "precioC": "10.00", "existencia": "0.00", "MontoReal": "0.00", "igv": "0.00"}}, {"model": "ventas.producto", "pk": 7, "fields": {"nombre": "capa polar #5", "codigo": "07IN2016", "categoria": 1, "fechaVencimiento": "2016-11-23", "unidad_medida": 1, "precioV": "11.00", "precioC": "12.00", "existencia": "0.00", "MontoReal": "0.00", "igv": "0.00"}}, {"model": "ventas.producto", "pk": 8, "fields": {"nombre": "capa polar doble #1", "codigo": "08IN2016", "categoria": 1, "fechaVencimiento": "2016-11-23", "unidad_medida": 1, "precioV": "9.00", "precioC": "10.00", "existencia": "0.00", "MontoReal": "0.00", "igv": "0.00"}}, {"model": "ventas.producto", "pk": 9, "fields": {"nombre": "capa polar doble #3", "codigo": "09IN2016", "categoria": 1, "fechaVencimiento": "2016-11-23", "unidad_medida": 1, "precioV": "10.00", "precioC": "11.00", "existencia": "0.00", "MontoReal": "0.00", "igv": "0.00"}}, {"model": "ventas.producto", "pk": 10, "fields": {"nombre": "capa polar doble #4", "codigo": "10IN2016", "categoria": 1, "fechaVencimiento": "2016-11-23", "unidad_medida": 1, "precioV": "11.00", "precioC": "12.00", "existencia": "0.00", "MontoReal": "0.00", "igv": "0.00"}}, {"model": "ventas.producto", "pk": 11, "fields": {"nombre": "capa polar doble #5", "codigo": "11IN2016", "categoria": 1, "fechaVencimiento": "2016-11-23", "unidad_medida": 1, "precioV": "12.00", "precioC": "13.00", "existencia": "0.00", "MontoReal": "0.00", "igv": "0.00"}}, {"model": "ventas.producto", "pk": 12, "fields": {"nombre": "capa polar con bolsillo #1", "codigo": "12IN2016", "categoria": 1, "fechaVencimiento": "2016-11-23", "unidad_medida": 1, "precioV": "6.00", "precioC": "7.00", "existencia": "0.00", "MontoReal": "0.00", "igv": "0.00"}}, {"model": "ventas.producto", "pk": 13, "fields": {"nombre": "capa polar con bolsillo #2", "codigo": "13IN2016", "categoria": 1, "fechaVencimiento": "2016-11-23", "unidad_medida": 1, "precioV": "7.00", "precioC": "8.00", "existencia": "0.00", "MontoReal": "0.00", "igv": "0.00"}}, {"model": "ventas.producto", "pk": 14, "fields": {"nombre": "capa polar peluchado #1", "codigo": "14IN2016", "categoria": 1, "fechaVencimiento": "2016-11-23", "unidad_medida": 1, "precioV": "9.00", "precioC": "10.00", "existencia": "0.00", "MontoReal": "0.00", "igv": "0.00"}}, {"model": "ventas.producto", "pk": 15, "fields": {"nombre": "capa polar peluchado #3", "codigo": "15IN2016", "categoria": 1, "fechaVencimiento": "2016-11-23", "unidad_medida": 1, "precioV": "12.00", "precioC": "13.00", "existencia": "0.00", "MontoReal": "0.00", "igv": "0.00"}}, {"model": "ventas.producto", "pk": 16, "fields": {"nombre": "capa polar peluchado #4", "codigo": "16IN2016", "categoria": 1, "fechaVencimiento": "2016-11-23", "unidad_medida": 1, "precioV": "13.00", "precioC": "14.00", "existencia": "0.00", "MontoReal": "0.00", "igv": "0.00"}}, {"model": "ventas.producto", "pk": 17, "fields": {"nombre": "capa polar peluchado #6", "codigo": "17IN2016", "categoria": 1, "fechaVencimiento": "2016-11-23", "unidad_medida": 1, "precioV": "14.00", "precioC": "15.00", "existencia": "0.00", "MontoReal": "0.00", "igv": "0.00"}}, {"model": "ventas.producto", "pk": 18, "fields": {"nombre": "capa polar con capucha #1", "codigo": "18IN2016", "categoria": 1, "fechaVencimiento": "2016-11-23", "unidad_medida": 1, "precioV": "7.00", "precioC": "8.00", "existencia": "0.00", "MontoReal": "0.00", "igv": "0.00"}}, {"model": "ventas.producto", "pk": 19, "fields": {"nombre": "capa polar deportivo #2", "codigo": "19IN2016", "categoria": 1, "fechaVencimiento": "2016-11-23", "unidad_medida": 1, "precioV": "6.00", "precioC": "7.00", "existencia": "0.00", "MontoReal": "0.00", "igv": "0.00"}}, {"model": "ventas.producto", "pk": 20, "fields": {"nombre": "chapulin #0", "codigo": "20IN2016", "categoria": 2, "fechaVencimiento": "2016-11-23", "unidad_medida": 1, "precioV": "8.00", "precioC": "9.00", "existencia": "0.00", "MontoReal": "0.00", "igv": "0.00"}}, {"model": "ventas.producto", "pk": 21, "fields": {"nombre": "chapulin #1", "codigo": "21IN2016", "categoria": 2, "fechaVencimiento": "2016-11-23", "unidad_medida": 1, "precioV": "9.00", "precioC": "10.00", "existencia": "0.00", "MontoReal": "0.00", "igv": "0.00"}}, {"model": "ventas.producto", "pk": 22, "fields": {"nombre": "chapulin #2", "codigo": "22IN2016", "categoria": 2, "fechaVencimiento": "2016-11-23", "unidad_medida": 1, "precioV": "11.00", "precioC": "12.00", "existencia": "0.00", "MontoReal": "0.00", "igv": "0.00"}}, {"model": "ventas.producto", "pk": 23, "fields": {"nombre": "chapulin #3", "codigo": "23IN2016", "categoria": 2, "fechaVencimiento": "2016-11-23", "unidad_medida": 1, "precioV": "14.00", "precioC": "15.00", "existencia": "0.00", "MontoReal": "0.00", "igv": "0.00"}}, {"model": "ventas.producto", "pk": 24, "fields": {"nombre": "chapulin #4", "codigo": "24IN2016", "categoria": 2, "fechaVencimiento": "2016-11-23", "unidad_medida": 1, "precioV": "14.00", "precioC": "15.00", "existencia": "0.00", "MontoReal": "0.00", "igv": "0.00"}}, {"model": "ventas.producto", "pk": 25, "fields": {"nombre": "tejido #0 ", "codigo": "25IN2016", "categoria": 2, "fechaVencimiento": "2016-11-23", "unidad_medida": 1, "precioV": "9.00", "precioC": "10.00", "existencia": "1464.00", "MontoReal": "13176.00", "igv": "2371.68"}}, {"model": "ventas.producto", "pk": 26, "fields": {"nombre": "tejido #1", "codigo": "26IN2016", "categoria": 2, "fechaVencimiento": "2016-11-23", "unidad_medida": 1, "precioV": "9.00", "precioC": "10.00", "existencia": "5995.00", "MontoReal": "53963.10", "igv": "9711.91"}}, {"model": "ventas.producto", "pk": 27, "fields": {"nombre": "tejido #2", "codigo": "27IN2016", "categoria": 2, "fechaVencimiento": "2016-11-23", "unidad_medida": 1, "precioV": "11.00", "precioC": "12.00", "existencia": "24.00", "MontoReal": "264.00", "igv": "47.52"}}, {"model": "ventas.producto", "pk": 28, "fields": {"nombre": "tejido #3", "codigo": "28IN2016", "categoria": 2, "fechaVencimiento": "2016-11-23", "unidad_medida": 1, "precioV": "12.00", "precioC": "13.00", "existencia": "0.00", "MontoReal": "0.00", "igv": "0.00"}}, {"model": "ventas.producto", "pk": 29, "fields": {"nombre": "tejido #4", "codigo": "29IN2016", "categoria": 2, "fechaVencimiento": "2016-11-23", "unidad_medida": 1, "precioV": "14.00", "precioC": "15.00", "existencia": "12000.00", "MontoReal": "168000.00", "igv": "30240.00"}}, {"model": "ventas.producto", "pk": 30, "fields": {"nombre": "diablo #0", "codigo": "30IN2016", "categoria": 2, "fechaVencimiento": "2016-11-23", "unidad_medida": 1, "precioV": "8.00", "precioC": "9.00", "existencia": "0.00", "MontoReal": "0.00", "igv": "0.00"}}, {"model": "ventas.producto", "pk": 31, "fields": {"nombre": "diablo #1", "codigo": "31IN2016", "categoria": 2, "fechaVencimiento": "2016-11-23", "unidad_medida": 1, "precioV": "10.00", "precioC": "11.00", "existencia": "0.00", "MontoReal": "0.00", "igv": "0.00"}}, {"model": "ventas.producto", "pk": 32, "fields": {"nombre": "pnp #1", "codigo": "32IN2016", "categoria": 2, "fechaVencimiento": "2016-11-23", "unidad_medida": 1, "precioV": "10.00", "precioC": "11.00", "existencia": "0.00", "MontoReal": "0.00", "igv": "0.00"}}, {"model": "ventas.producto", "pk": 33, "fields": {"nombre": "pnp #3", "codigo": "33IN2016", "categoria": 2, "fechaVencimiento": "2016-11-23", "unidad_medida": 1, "precioV": "12.00", "precioC": "13.00", "existencia": "0.00", "MontoReal": "0.00", "igv": "0.00"}}, {"model": "ventas.producto", "pk": 34, "fields": {"nombre": "seguridad #0", "codigo": "34IN2016", "categoria": 2, "fechaVencimiento": "2016-11-23", "unidad_medida": 1, "precioV": "9.00", "precioC": "10.00", "existencia": "0.00", "MontoReal": "0.00", "igv": "0.00"}}, {"model": "ventas.producto", "pk": 35, "fields": {"nombre": "seguridad #1", "codigo": "35IN2016", "categoria": 2, "fechaVencimiento": "2016-11-23", "unidad_medida": 1, "precioV": "10.00", "precioC": "11.00", "existencia": "0.00", "MontoReal": "0.00", "igv": "0.00"}}, {"model": "ventas.producto", "pk": 36, "fields": {"nombre": "seguridad #2", "codigo": "36IN2016", "categoria": 2, "fechaVencimiento": "2016-11-23", "unidad_medida": 1, "precioV": "11.00", "precioC": "12.00", "existencia": "0.00", "MontoReal": "0.00", "igv": "0.00"}}, {"model": "ventas.producto", "pk": 37, "fields": {"nombre": "vaca #0", "codigo": "37IN2016", "categoria": 2, "fechaVencimiento": "2016-11-23", "unidad_medida": 1, "precioV": "9.00", "precioC": "10.00", "existencia": "0.00", "MontoReal": "0.00", "igv": "0.00"}}, {"model": "ventas.producto", "pk": 38, "fields": {"nombre": "vaca #4", "codigo": "38IN2016", "categoria": 2, "fechaVencimiento": "2016-11-23", "unidad_medida": 1, "precioV": "14.00", "precioC": "15.00", "existencia": "0.00", "MontoReal": "0.00", "igv": "0.00"}}, {"model": "ventas.producto", "pk": 39, "fields": {"nombre": "disfraz #1", "codigo": "39IN2016", "categoria": 2, "fechaVencimiento": "2016-11-23", "unidad_medida": 1, "precioV": "10.00", "precioC": "11.00", "existencia": "0.00", "MontoReal": "0.00", "igv": "0.00"}}, {"model": "ventas.producto", "pk": 40, "fields": {"nombre": "tiburon - batman #1", "codigo": "40IN2016", "categoria": 2, "fechaVencimiento": "2016-11-23", "unidad_medida": 1, "precioV": "11.00", "precioC": "12.00", "existencia": "0.00", "MontoReal": "0.00", "igv": "0.00"}}, {"model": "ventas.producto", "pk": 41, "fields": {"nombre": "disfraz #2", "codigo": "41IN2016", "categoria": 2, "fechaVencimiento": "2016-11-23", "unidad_medida": 1, "precioV": "12.00", "precioC": "13.00", "existencia": "0.00", "MontoReal": "0.00", "igv": "0.00"}}, {"model": "ventas.producto", "pk": 42, "fields": {"nombre": "disfraz #3", "codigo": "42IN2016", "categoria": 2, "fechaVencimiento": "2016-11-23", "unidad_medida": 1, "precioV": "14.00", "precioC": "15.00", "existencia": "0.00", "MontoReal": "0.00", "igv": "0.00"}}, {"model": "ventas.producto", "pk": 43, "fields": {"nombre": "disfraz #4", "codigo": "43IN2016", "categoria": 2, "fechaVencimiento": "2016-11-23", "unidad_medida": 1, "precioV": "15.00", "precioC": "16.00", "existencia": "0.00", "MontoReal": "0.00", "igv": "0.00"}}, {"model": "ventas.producto", "pk": 44, "fields": {"nombre": "jean camisa #4", "codigo": "44IN2016", "categoria": 2, "fechaVencimiento": "2016-11-23", "unidad_medida": 1, "precioV": "19.00", "precioC": "20.00", "existencia": "0.00", "MontoReal": "0.00", "igv": "0.00"}}, {"model": "ventas.producto", "pk": 45, "fields": {"nombre": "jean pike #1", "codigo": "45IN2016", "categoria": 2, "fechaVencimiento": "2016-11-23", "unidad_medida": 1, "precioV": "14.00", "precioC": "15.00", "existencia": "0.00", "MontoReal": "0.00", "igv": "0.00"}}, {"model": "ventas.producto", "pk": 46, "fields": {"nombre": "jean pike #3", "codigo": "46IN2016", "categoria": 2, "fechaVencimiento": "2016-11-23", "unidad_medida": 1, "precioV": "18.00", "precioC": "19.00", "existencia": "0.00", "MontoReal": "0.00", "igv": "0.00"}}, {"model": "ventas.producto", "pk": 47, "fields": {"nombre": "a rayas #0", "codigo": "47IN2016", "categoria": 3, "fechaVencimiento": "2016-11-23", "unidad_medida": 1, "precioV": "9.00", "precioC": "8.00", "existencia": "0.00", "MontoReal": "0.00", "igv": "0.00"}}, {"model": "ventas.producto", "pk": 48, "fields": {"nombre": "a rayas #4", "codigo": "48IN2016", "categoria": 3, "fechaVencimiento": "2016-11-23", "unidad_medida": 1, "precioV": "11.00", "precioC": "12.00", "existencia": "0.00", "MontoReal": "0.00", "igv": "0.00"}}, {"model": "ventas.producto", "pk": 49, "fields": {"nombre": "camisa a cuadros #0", "codigo": "49IN2016", "categoria": 3, "fechaVencimiento": "2016-11-23", "unidad_medida": 1, "precioV": "6.00", "precioC": "7.00", "existencia": "0.00", "MontoReal": "0.00", "igv": "0.00"}}, {"model": "ventas.producto", "pk": 50, "fields": {"nombre": "camisa a cuadros #2", "codigo": "50IN2016", "categoria": 3, "fechaVencimiento": "2016-11-23", "unidad_medida": 1, "precioV": "8.00", "precioC": "9.00", "existencia": "0.00", "MontoReal": "0.00", "igv": "0.00"}}, {"model": "ventas.producto", "pk": 51, "fields": {"nombre": "pike #M", "codigo": "51IN2016", "categoria": 3, "fechaVencimiento": "2016-11-23", "unidad_medida": 1, "precioV": "7.00", "precioC": "8.00", "existencia": "0.00", "MontoReal": "0.00", "igv": "0.00"}}, {"model": "ventas.producto", "pk": 52, "fields": {"nombre": "pike #0", "codigo": "52IN2016", "categoria": 3, "fechaVencimiento": "2016-11-23", "unidad_medida": 1, "precioV": "6.00", "precioC": "9.00", "existencia": "0.00", "MontoReal": "0.00", "igv": "0.00"}}, {"model": "ventas.producto", "pk": 53, "fields": {"nombre": "pike #1", "codigo": "53IN2016", "categoria": 3, "fechaVencimiento": "2016-11-23", "unidad_medida": 1, "precioV": "9.00", "precioC": "10.00", "existencia": "0.00", "MontoReal": "0.00", "igv": "0.00"}}, {"model": "ventas.producto", "pk": 54, "fields": {"nombre": "pike #2", "codigo": "54IN2016", "categoria": 3, "fechaVencimiento": "2016-11-23", "unidad_medida": 1, "precioV": "10.00", "precioC": "11.00", "existencia": "0.00", "MontoReal": "0.00", "igv": "0.00"}}, {"model": "ventas.producto", "pk": 55, "fields": {"nombre": "pike #3", "codigo": "55IN2016", "categoria": 3, "fechaVencimiento": "2016-11-23", "unidad_medida": 1, "precioV": "11.00", "precioC": "12.00", "existencia": "0.00", "MontoReal": "0.00", "igv": "0.00"}}, {"model": "ventas.producto", "pk": 56, "fields": {"nombre": "chullo #0", "codigo": "56IN2016", "categoria": 3, "fechaVencimiento": "2016-11-23", "unidad_medida": 1, "precioV": "8.00", "precioC": "9.00", "existencia": "0.00", "MontoReal": "0.00", "igv": "0.00"}}, {"model": "ventas.producto", "pk": 57, "fields": {"nombre": "chullo #1", "codigo": "57IN2016", "categoria": 3, "fechaVencimiento": "2016-11-23", "unidad_medida": 1, "precioV": "9.00", "precioC": "10.00", "existencia": "0.00", "MontoReal": "0.00", "igv": "0.00"}}, {"model": "ventas.producto", "pk": 58, "fields": {"nombre": "chullo #2", "codigo": "58IN2016", "categoria": 3, "fechaVencimiento": "2016-11-23", "unidad_medida": 1, "precioV": "10.00", "precioC": "11.00", "existencia": "0.00", "MontoReal": "0.00", "igv": "0.00"}}, {"model": "ventas.producto", "pk": 59, "fields": {"nombre": "chullo #4", "codigo": "59IN2016", "categoria": 3, "fechaVencimiento": "2016-11-23", "unidad_medida": 1, "precioV": "12.00", "precioC": "13.00", "existencia": "0.00", "MontoReal": "0.00", "igv": "0.00"}}, {"model": "ventas.producto", "pk": 60, "fields": {"nombre": "estampado #2", "codigo": "60IN2016", "categoria": 3, "fechaVencimiento": "2016-11-23", "unidad_medida": 1, "precioV": "9.00", "precioC": "10.00", "existencia": "0.00", "MontoReal": "0.00", "igv": "0.00"}}, {"model": "ventas.producto", "pk": 61, "fields": {"nombre": "camuflado #1", "codigo": "61IN2016", "categoria": 3, "fechaVencimiento": "2016-11-23", "unidad_medida": 1, "precioV": "5.00", "precioC": "6.00", "existencia": "0.00", "MontoReal": "0.00", "igv": "0.00"}}, {"model": "ventas.producto", "pk": 62, "fields": {"nombre": "vestido polar normal #0 ", "codigo": "62IN2016", "categoria": 4, "fechaVencimiento": "2016-11-23", "unidad_medida": 1, "precioV": "5.00", "precioC": "6.50", "existencia": "0.00", "MontoReal": "0.00", "igv": "0.00"}}, {"model": "ventas.producto", "pk": 63, "fields": {"nombre": "vestido polar con capucha #1", "codigo": "63IN2016", "categoria": 4, "fechaVencimiento": "2016-11-23", "unidad_medida": 1, "precioV": "8.00", "precioC": "9.00", "existencia": "0.00", "MontoReal": "0.00", "igv": "0.00"}}, {"model": "ventas.producto", "pk": 64, "fields": {"nombre": "vestido polar con capucha #2", "codigo": "64IN2016", "categoria": 4, "fechaVencimiento": "2016-11-23", "unidad_medida": 1, "precioV": "9.00", "precioC": "10.00", "existencia": "0.00", "MontoReal": "0.00", "igv": "0.00"}}, {"model": "ventas.producto", "pk": 65, "fields": {"nombre": "vestido polar con capucha #3", "codigo": "65IN2016", "categoria": 4, "fechaVencimiento": "2016-11-23", "unidad_medida": 1, "precioV": "12.00", "precioC": "13.00", "existencia": "0.00", "MontoReal": "0.00", "igv": "0.00"}}, {"model": "ventas.producto", "pk": 66, "fields": {"nombre": "vestido tejido lana #1", "codigo": "66IN2016", "categoria": 4, "fechaVencimiento": "2016-11-23", "unidad_medida": 1, "precioV": "12.00", "precioC": "13.00", "existencia": "0.00", "MontoReal": "0.00", "igv": "0.00"}}, {"model": "ventas.producto", "pk": 67, "fields": {"nombre": "vestido jean polar #0", "codigo": "67IN2016", "categoria": 4, "fechaVencimiento": "2016-11-23", "unidad_medida": 1, "precioV": "8.00", "precioC": "9.00", "existencia": "0.00", "MontoReal": "0.00", "igv": "0.00"}}, {"model": "ventas.producto", "pk": 68, "fields": {"nombre": "vestido jean polar #1", "codigo": "68IN2016", "categoria": 4, "fechaVencimiento": "2016-11-23", "unidad_medida": 1, "precioV": "9.00", "precioC": "10.00", "existencia": "0.00", "MontoReal": "0.00", "igv": "0.00"}}, {"model": "ventas.producto", "pk": 69, "fields": {"nombre": "vestido jean polar #2", "codigo": "69IN2016", "categoria": 4, "fechaVencimiento": "2016-11-23", "unidad_medida": 1, "precioV": "11.00", "precioC": "12.00", "existencia": "0.00", "MontoReal": "0.00", "igv": "0.00"}}, {"model": "ventas.producto", "pk": 70, "fields": {"nombre": "vestido jean polar #3", "codigo": "70IN2016", "categoria": 4, "fechaVencimiento": "2016-11-23", "unidad_medida": 1, "precioV": "12.00", "precioC": "13.00", "existencia": "0.00", "MontoReal": "0.00", "igv": "0.00"}}, {"model": "ventas.producto", "pk": 71, "fields": {"nombre": "vestido de tela #3", "codigo": "71IN2016", "categoria": 4, "fechaVencimiento": "2016-11-23", "unidad_medida": 1, "precioV": "9.00", "precioC": "10.00", "existencia": "0.00", "MontoReal": "0.00", "igv": "0.00"}}, {"model": "ventas.producto", "pk": 72, "fields": {"nombre": "vestido jean tela #1", "codigo": "72IN2016", "categoria": 4, "fechaVencimiento": "2016-11-23", "unidad_medida": 1, "precioV": "11.00", "precioC": "12.00", "existencia": "0.00", "MontoReal": "0.00", "igv": "0.00"}}, {"model": "ventas.producto", "pk": 73, "fields": {"nombre": "vestido jean tela #4", "codigo": "73IN2016", "categoria": 4, "fechaVencimiento": "2016-11-23", "unidad_medida": 1, "precioV": "15.00", "precioC": "16.00", "existencia": "0.00", "MontoReal": "0.00", "igv": "0.00"}}, {"model": "ventas.producto", "pk": 74, "fields": {"nombre": "casaca deportiva con capucha #0", "codigo": "74IN2016", "categoria": 4, "fechaVencimiento": "2016-11-23", "unidad_medida": 1, "precioV": "8.00", "precioC": "9.00", "existencia": "0.00", "MontoReal": "0.00", "igv": "0.00"}}, {"model": "ventas.producto", "pk": 75, "fields": {"nombre": "casaca deportiva #1", "codigo": "75IN2016", "categoria": 5, "fechaVencimiento": "2016-11-23", "unidad_medida": 1, "precioV": "9.00", "precioC": "10.00", "existencia": "0.00", "MontoReal": "0.00", "igv": "0.00"}}, {"model": "ventas.producto", "pk": 76, "fields": {"nombre": "casaca deportiva #2", "codigo": "76IN2016", "categoria": 5, "fechaVencimiento": "2016-11-23", "unidad_medida": 1, "precioV": "11.00", "precioC": "12.00", "existencia": "0.00", "MontoReal": "0.00", "igv": "0.00"}}, {"model": "ventas.producto", "pk": 77, "fields": {"nombre": "casaca doble acolchado #1", "codigo": "77IN2016", "categoria": 5, "fechaVencimiento": "2016-11-23", "unidad_medida": 1, "precioV": "8.00", "precioC": "9.00", "existencia": "0.00", "MontoReal": "0.00", "igv": "0.00"}}, {"model": "ventas.producto", "pk": 78, "fields": {"nombre": "casaca jean con capucha #3", "codigo": "78IN2016", "categoria": 5, "fechaVencimiento": "2016-11-23", "unidad_medida": 1, "precioV": "17.00", "precioC": "18.00", "existencia": "0.00", "MontoReal": "0.00", "igv": "0.00"}}, {"model": "ventas.producto", "pk": 79, "fields": {"nombre": "casaca mochilera #3", "codigo": "79IN2016", "categoria": 5, "fechaVencimiento": "2016-11-23", "unidad_medida": 1, "precioV": "13.00", "precioC": "14.00", "existencia": "0.00", "MontoReal": "0.00", "igv": "0.00"}}, {"model": "ventas.producto", "pk": 80, "fields": {"nombre": "casaca mochilera #4", "codigo": "80IN2016", "categoria": 5, "fechaVencimiento": "2016-11-23", "unidad_medida": 1, "precioV": "15.00", "precioC": "16.00", "existencia": "0.00", "MontoReal": "0.00", "igv": "0.00"}}, {"model": "ventas.producto", "pk": 81, "fields": {"nombre": "casaca impermeable #1", "codigo": "81IN2016", "categoria": 5, "fechaVencimiento": "2016-11-23", "unidad_medida": 1, "precioV": "12.00", "precioC": "13.00", "existencia": "0.00", "MontoReal": "0.00", "igv": "0.00"}}, {"model": "ventas.producto", "pk": 82, "fields": {"nombre": "casaca impermeable #2", "codigo": "82IN2016", "categoria": 5, "fechaVencimiento": "2016-11-23", "unidad_medida": 1, "precioV": "13.00", "precioC": "14.00", "existencia": "0.00", "MontoReal": "0.00", "igv": "0.00"}}, {"model": "ventas.producto", "pk": 83, "fields": {"nombre": "casaca impermeable #3", "codigo": "83IN2016", "categoria": 5, "fechaVencimiento": "2016-11-23", "unidad_medida": 1, "precioV": "14.00", "precioC": "15.00", "existencia": "0.00", "MontoReal": "0.00", "igv": "0.00"}}, {"model": "ventas.producto", "pk": 84, "fields": {"nombre": "L50", "codigo": "01AC2016", "categoria": 8, "fechaVencimiento": "2016-11-23", "unidad_medida": 1, "precioV": "60.00", "precioC": "70.00", "existencia": "24.00", "MontoReal": "1440.00", "igv": "259.20"}}, {"model": "ventas.producto", "pk": 85, "fields": {"nombre": "L55", "codigo": "02AC2016", "categoria": 8, "fechaVencimiento": "2016-11-23", "unidad_medida": 1, "precioV": "75.00", "precioC": "85.00", "existencia": "0.00", "MontoReal": "0.00", "igv": "0.00"}}, {"model": "ventas.producto", "pk": 86, "fields": {"nombre": "L60", "codigo": "03AC2016", "categoria": 8, "fechaVencimiento": "2016-11-23", "unidad_medida": 1, "precioV": "90.00", "precioC": "100.00", "existencia": "0.00", "MontoReal": "0.00", "igv": "0.00"}}, {"model": "ventas.producto", "pk": 87, "fields": {"nombre": "L70", "codigo": "04AC2016", "categoria": 8, "fechaVencimiento": "2016-11-23", "unidad_medida": 1, "precioV": "135.00", "precioC": "150.00", "existencia": "0.00", "MontoReal": "0.00", "igv": "0.00"}}, {"model": "ventas.producto", "pk": 88, "fields": {"nombre": "L80", "codigo": "05AC2016", "categoria": 8, "fechaVencimiento": "2016-11-23", "unidad_medida": 1, "precioV": "250.00", "precioC": "300.00", "existencia": "0.00", "MontoReal": "0.00", "igv": "0.00"}}, {"model": "ventas.producto", "pk": 89, "fields": {"nombre": "L90", "codigo": "06AC2016", "categoria": 8, "fechaVencimiento": "2016-11-23", "unidad_medida": 1, "precioV": "300.00", "precioC": "350.00", "existencia": "0.00", "MontoReal": "0.00", "igv": "0.00"}}, {"model": "ventas.producto", "pk": 90, "fields": {"nombre": "L100", "codigo": "07AC2016", "categoria": 8, "fechaVencimiento": "2016-11-23", "unidad_medida": 1, "precioV": "300.00", "precioC": "400.00", "existencia": "0.00", "MontoReal": "0.00", "igv": "0.00"}}, {"model": "ventas.producto", "pk": 91, "fields": {"nombre": "transportadora peque\u00f1a", "codigo": "08AC2016", "categoria": 7, "fechaVencimiento": "2016-11-23", "unidad_medida": 1, "precioV": "14.00", "precioC": "15.00", "existencia": "0.00", "MontoReal": "0.00", "igv": "0.00"}}, {"model": "ventas.producto", "pk": 92, "fields": {"nombre": "transportadora mediana", "codigo": "09AC2016", "categoria": 7, "fechaVencimiento": "2016-11-23", "unidad_medida": 1, "precioV": "18.00", "precioC": "20.00", "existencia": "0.00", "MontoReal": "0.00", "igv": "0.00"}}, {"model": "ventas.producto", "pk": 93, "fields": {"nombre": "transportadora grande", "codigo": "10AC2016", "categoria": 7, "fechaVencimiento": "2016-11-23", "unidad_medida": 1, "precioV": "20.00", "precioC": "25.00", "existencia": "240.00", "MontoReal": "4800.00", "igv": "864.00"}}, {"model": "ventas.producto", "pk": 94, "fields": {"nombre": "cartera peque\u00f1a", "codigo": "11AC2016", "categoria": 7, "fechaVencimiento": "2016-11-23", "unidad_medida": 1, "precioV": "17.00", "precioC": "20.00", "existencia": "0.00", "MontoReal": "0.00", "igv": "0.00"}}, {"model": "ventas.producto", "pk": 95, "fields": {"nombre": "cartera mediana", "codigo": "12AC2016", "categoria": 7, "fechaVencimiento": "2016-11-23", "unidad_medida": 1, "precioV": "24.00", "precioC": "25.00", "existencia": "0.00", "MontoReal": "0.00", "igv": "0.00"}}, {"model": "ventas.producto", "pk": 96, "fields": {"nombre": "cartera grande", "codigo": "13AC2016", "categoria": 7, "fechaVencimiento": "2016-11-23", "unidad_medida": 1, "precioV": "26.00", "precioC": "28.00", "existencia": "0.00", "MontoReal": "0.00", "igv": "0.00"}}, {"model": "ventas.producto", "pk": 97, "fields": {"nombre": "importada talla 3", "codigo": "14AC2016", "categoria": 7, "fechaVencimiento": "2016-11-23", "unidad_medida": 1, "precioV": "50.00", "precioC": "60.00", "existencia": "0.00", "MontoReal": "0.00", "igv": "0.00"}}, {"model": "ventas.producto", "pk": 98, "fields": {"nombre": "Bozal de tela T2", "codigo": "15AC2016", "categoria": 9, "fechaVencimiento": "2016-11-23", "unidad_medida": 1, "precioV": "6.00", "precioC": "7.00", "existencia": "0.00", "MontoReal": "0.00", "igv": "0.00"}}, {"model": "ventas.producto", "pk": 99, "fields": {"nombre": "Bozal de tela T3", "codigo": "16AC2016", "categoria": 9, "fechaVencimiento": "2016-11-23", "unidad_medida": 1, "precioV": "7.00", "precioC": "8.00", "existencia": "0.00", "MontoReal": "0.00", "igv": "0.00"}}, {"model": "ventas.producto", "pk": 100, "fields": {"nombre": "Bozal de tela T4", "codigo": "17AC2016", "categoria": 9, "fechaVencimiento": "2016-11-23", "unidad_medida": 1, "precioV": "8.00", "precioC": "9.00", "existencia": "0.00", "MontoReal": "0.00", "igv": "0.00"}}, {"model": "ventas.producto", "pk": 101, "fields": {"nombre": "bozal tubo T1", "codigo": "18AC2016", "categoria": 9, "fechaVencimiento": "2016-11-23", "unidad_medida": 1, "precioV": "10.00", "precioC": "11.00", "existencia": "0.00", "MontoReal": "0.00", "igv": "0.00"}}, {"model": "ventas.producto", "pk": 102, "fields": {"nombre": "bozal tubo T2", "codigo": "19AC2016", "categoria": 9, "fechaVencimiento": "2016-11-23", "unidad_medida": 1, "precioV": "11.00", "precioC": "12.00", "existencia": "0.00", "MontoReal": "0.00", "igv": "0.00"}}, {"model": "ventas.producto", "pk": 103, "fields": {"nombre": "bozal tubo T3", "codigo": "20AC2016", "categoria": 9, "fechaVencimiento": "2016-11-23", "unidad_medida": 1, "precioV": "12.00", "precioC": "13.00", "existencia": "0.00", "MontoReal": "0.00", "igv": "0.00"}}, {"model": "ventas.producto", "pk": 104, "fields": {"nombre": "bozal tubo T4", "codigo": "21AC2016", "categoria": 9, "fechaVencimiento": "2016-11-23", "unidad_medida": 1, "precioV": "13.00", "precioC": "14.00", "existencia": "0.00", "MontoReal": "0.00", "igv": "0.00"}}, {"model": "ventas.producto", "pk": 105, "fields": {"nombre": "bozal pitbull", "codigo": "22AC2016", "categoria": 9, "fechaVencimiento": "2016-11-23", "unidad_medida": 1, "precioV": "20.00", "precioC": "25.00", "existencia": "0.00", "MontoReal": "0.00", "igv": "0.00"}}, {"model": "ventas.producto", "pk": 106, "fields": {"nombre": "bozal rotwailer", "codigo": "23AC2016", "categoria": 9, "fechaVencimiento": "2016-11-23", "unidad_medida": 1, "precioV": "20.00", "precioC": "25.00", "existencia": "0.00", "MontoReal": "0.00", "igv": "0.00"}}, {"model": "ventas.producto", "pk": 107, "fields": {"nombre": "bozal coker", "codigo": "24AC2016", "categoria": 9, "fechaVencimiento": "2016-11-23", "unidad_medida": 1, "precioV": "20.00", "precioC": "25.00", "existencia": "0.00", "MontoReal": "0.00", "igv": "0.00"}}, {"model": "ventas.producto", "pk": 108, "fields": {"nombre": "bozal pastor", "codigo": "25AC2016", "categoria": 9, "fechaVencimiento": "2016-11-23", "unidad_medida": 1, "precioV": "20.00", "precioC": "25.00", "existencia": "0.00", "MontoReal": "0.00", "igv": "0.00"}}, {"model": "ventas.producto", "pk": 109, "fields": {"nombre": "wincha ", "codigo": "26AC2016", "categoria": 6, "fechaVencimiento": "2016-11-23", "unidad_medida": 1, "precioV": "21.00", "precioC": "23.00", "existencia": "0.00", "MontoReal": "0.00", "igv": "0.00"}}, {"model": "ventas.producto", "pk": 110, "fields": {"nombre": "collar con boche x6", "codigo": "27AC2016", "categoria": 6, "fechaVencimiento": "2016-11-23", "unidad_medida": 1, "precioV": "6.00", "precioC": "7.00", "existencia": "0.00", "MontoReal": "0.00", "igv": "0.00"}}, {"model": "ventas.producto", "pk": 111, "fields": {"nombre": "collar con aplicaci\u00f3n T1", "codigo": "28AC2016", "categoria": 6, "fechaVencimiento": "2016-11-23", "unidad_medida": 1, "precioV": "6.00", "precioC": "7.00", "existencia": "0.00", "MontoReal": "0.00", "igv": "0.00"}}, {"model": "ventas.producto", "pk": 112, "fields": {"nombre": "collar con aplicaci\u00f3n T3", "codigo": "29AC2016", "categoria": 6, "fechaVencimiento": "2016-11-23", "unidad_medida": 1, "precioV": "9.00", "precioC": "10.00", "existencia": "0.00", "MontoReal": "0.00", "igv": "0.00"}}, {"model": "ventas.producto", "pk": 113, "fields": {"nombre": "collar con aplicaci\u00f3n T5", "codigo": "30AC2016", "categoria": 6, "fechaVencimiento": "2016-11-23", "unidad_medida": 1, "precioV": "10.00", "precioC": "12.00", "existencia": "0.00", "MontoReal": "0.00", "igv": "0.00"}}, {"model": "ventas.producto", "pk": 114, "fields": {"nombre": "collar con aplicaci\u00f3n T6", "codigo": "31AC2016", "categoria": 6, "fechaVencimiento": "2016-11-23", "unidad_medida": 1, "precioV": "12.00", "precioC": "15.00", "existencia": "0.00", "MontoReal": "0.00", "igv": "0.00"}}, {"model": "ventas.producto", "pk": 115, "fields": {"nombre": "cadena de ahorque soldado 50", "codigo": "32AC2016", "categoria": 6, "fechaVencimiento": "2016-11-23", "unidad_medida": 1, "precioV": "9.00", "precioC": "11.00", "existencia": "0.00", "MontoReal": "0.00", "igv": "0.00"}}, {"model": "ventas.producto", "pk": 116, "fields": {"nombre": "cadena de ahorque soldado 60", "codigo": "33AC2016", "categoria": 6, "fechaVencimiento": "2016-11-23", "unidad_medida": 1, "precioV": "11.00", "precioC": "12.00", "existencia": "0.00", "MontoReal": "0.00", "igv": "0.00"}}, {"model": "ventas.producto", "pk": 117, "fields": {"nombre": "cadena de ahorque soldado 70", "codigo": "34AC2016", "categoria": 6, "fechaVencimiento": "2016-11-23", "unidad_medida": 1, "precioV": "10.00", "precioC": "13.00", "existencia": "0.00", "MontoReal": "0.00", "igv": "0.00"}}, {"model": "ventas.producto", "pk": 118, "fields": {"nombre": "soga gruesa 1.5 m", "codigo": "35AC2016", "categoria": 6, "fechaVencimiento": "2016-11-23", "unidad_medida": 1, "precioV": "9.00", "precioC": "10.00", "existencia": "0.00", "MontoReal": "0.00", "igv": "0.00"}}, {"model": "ventas.producto", "pk": 119, "fields": {"nombre": "plancha rapidex", "codigo": "01AS2016", "categoria": 10, "fechaVencimiento": "2016-11-23", "unidad_medida": 1, "precioV": "4.00", "precioC": "5.00", "existencia": "0.00", "MontoReal": "0.00", "igv": "0.00"}}, {"model": "ventas.producto", "pk": 120, "fields": {"nombre": "shampoo dokys caja x 30 ml", "codigo": "02AS2016", "categoria": 10, "fechaVencimiento": "2016-11-23", "unidad_medida": 1, "precioV": "1.00", "precioC": "2.00", "existencia": "0.00", "MontoReal": "0.00", "igv": "0.00"}}, {"model": "ventas.producto", "pk": 121, "fields": {"nombre": "shampo Boby bebe sachet", "codigo": "03AS2016", "categoria": 10, "fechaVencimiento": "2016-11-23", "unidad_medida": 1, "precioV": "1.00", "precioC": "2.00", "existencia": "0.00", "MontoReal": "0.00", "igv": "0.00"}}, {"model": "ventas.producto", "pk": 122, "fields": {"nombre": "colonia dokys 60 ml", "codigo": "04AS2016", "categoria": 10, "fechaVencimiento": "2016-11-23", "unidad_medida": 1, "precioV": "5.00", "precioC": "6.00", "existencia": "0.00", "MontoReal": "0.00", "igv": "0.00"}}, {"model": "ventas.producto", "pk": 123, "fields": {"nombre": "shampoo frasco x 400ml", "codigo": "05AS2016", "categoria": 10, "fechaVencimiento": "2016-11-23", "unidad_medida": 1, "precioV": "12.00", "precioC": "13.00", "existencia": "0.00", "MontoReal": "0.00", "igv": "0.00"}}, {"model": "ventas.producto", "pk": 124, "fields": {"nombre": "shampoo frasco x 250ml", "codigo": "06AS2016", "categoria": 10, "fechaVencimiento": "2016-11-23", "unidad_medida": 1, "precioV": "8.00", "precioC": "9.00", "existencia": "0.00", "MontoReal": "0.00", "igv": "0.00"}}, {"model": "ventas.producto", "pk": 125, "fields": {"nombre": "spray antipulga", "codigo": "07AS2016", "categoria": 10, "fechaVencimiento": "2016-11-23", "unidad_medida": 1, "precioV": "17.00", "precioC": "18.00", "existencia": "0.00", "MontoReal": "0.00", "igv": "0.00"}}, {"model": "ventas.producto", "pk": 126, "fields": {"nombre": "shampoo frasco boby 250 ml", "codigo": "08AS2016", "categoria": 10, "fechaVencimiento": "2016-11-23", "unidad_medida": 1, "precioV": "8.00", "precioC": "9.00", "existencia": "0.00", "MontoReal": "0.00", "igv": "0.00"}}, {"model": "ventas.producto", "pk": 127, "fields": {"nombre": "repelente Kanino", "codigo": "09AS2016", "categoria": 10, "fechaVencimiento": "2016-11-23", "unidad_medida": 1, "precioV": "16.00", "precioC": "18.00", "existencia": "0.00", "MontoReal": "0.00", "igv": "0.00"}}, {"model": "ventas.producto", "pk": 128, "fields": {"nombre": "repelente practica", "codigo": "10AS2016", "categoria": 10, "fechaVencimiento": "2016-11-23", "unidad_medida": 1, "precioV": "16.00", "precioC": "18.00", "existencia": "0.00", "MontoReal": "0.00", "igv": "0.00"}}, {"model": "ventas.producto", "pk": 129, "fields": {"nombre": "spray bucal", "codigo": "11AS2016", "categoria": 10, "fechaVencimiento": "2016-11-23", "unidad_medida": 1, "precioV": "16.00", "precioC": "18.00", "existencia": "0.00", "MontoReal": "0.00", "igv": "0.00"}}, {"model": "ventas.producto", "pk": 130, "fields": {"nombre": "spray antimordida", "codigo": "12AS2016", "categoria": 10, "fechaVencimiento": "2016-11-23", "unidad_medida": 1, "precioV": "16.00", "precioC": "18.00", "existencia": "0.00", "MontoReal": "0.00", "igv": "0.00"}}, {"model": "ventas.producto", "pk": 131, "fields": {"nombre": "shampo dokys x galon", "codigo": "13AS2016", "categoria": 10, "fechaVencimiento": "2016-11-23", "unidad_medida": 1, "precioV": "35.00", "precioC": "40.00", "existencia": "0.00", "MontoReal": "0.00", "igv": "0.00"}}, {"model": "ventas.producto", "pk": 132, "fields": {"nombre": "pipi aqu\u00ed", "codigo": "14AS2016", "categoria": 10, "fechaVencimiento": "2016-11-23", "unidad_medida": 1, "precioV": "12.00", "precioC": "15.00", "existencia": "0.00", "MontoReal": "0.00", "igv": "0.00"}}, {"model": "ventas.producto", "pk": 133, "fields": {"nombre": "cepillo dedal", "codigo": "15AS2016", "categoria": 10, "fechaVencimiento": "2016-11-23", "unidad_medida": 1, "precioV": "2.00", "precioC": "3.00", "existencia": "0.00", "MontoReal": "0.00", "igv": "0.00"}}, {"model": "ventas.producto", "pk": 134, "fields": {"nombre": "colchoneta suave T0", "codigo": "36AC2016", "categoria": 17, "fechaVencimiento": "2016-11-23", "unidad_medida": 1, "precioV": "18.00", "precioC": "20.00", "existencia": "0.00", "MontoReal": "0.00", "igv": "0.00"}}, {"model": "ventas.producto", "pk": 135, "fields": {"nombre": "colchoneta suave T1", "codigo": "37AC2016", "categoria": 17, "fechaVencimiento": "2016-11-23", "unidad_medida": 1, "precioV": "20.00", "precioC": "23.00", "existencia": "0.00", "MontoReal": "0.00", "igv": "0.00"}}, {"model": "ventas.producto", "pk": 136, "fields": {"nombre": "colchoneta suave T2", "codigo": "38AC2016", "categoria": 17, "fechaVencimiento": "2016-11-23", "unidad_medida": 1, "precioV": "25.00", "precioC": "28.00", "existencia": "0.00", "MontoReal": "0.00", "igv": "0.00"}}, {"model": "ventas.producto", "pk": 137, "fields": {"nombre": "colchoneta suave T3", "codigo": "39AC2016", "categoria": 17, "fechaVencimiento": "2016-11-23", "unidad_medida": 1, "precioV": "30.00", "precioC": "33.00", "existencia": "0.00", "MontoReal": "0.00", "igv": "0.00"}}, {"model": "ventas.producto", "pk": 138, "fields": {"nombre": "cama raton", "codigo": "40AC2016", "categoria": 17, "fechaVencimiento": "2016-11-23", "unidad_medida": 1, "precioV": "34.00", "precioC": "35.00", "existencia": "0.00", "MontoReal": "0.00", "igv": "0.00"}}, {"model": "ventas.producto", "pk": 139, "fields": {"nombre": "cama fresita", "codigo": "41AC2016", "categoria": 17, "fechaVencimiento": "2016-11-23", "unidad_medida": 1, "precioV": "28.00", "precioC": "30.00", "existencia": "0.00", "MontoReal": "0.00", "igv": "0.00"}}, {"model": "ventas.producto", "pk": 140, "fields": {"nombre": "cama cuadrada ", "codigo": "42AC2016", "categoria": 17, "fechaVencimiento": "2016-11-23", "unidad_medida": 1, "precioV": "40.00", "precioC": "45.00", "existencia": "0.00", "MontoReal": "0.00", "igv": "0.00"}}, {"model": "ventas.producto", "pk": 141, "fields": {"nombre": "cama abierta 0", "codigo": "43AC2016", "categoria": 17, "fechaVencimiento": "2016-11-23", "unidad_medida": 1, "precioV": "20.00", "precioC": "25.00", "existencia": "0.00", "MontoReal": "0.00", "igv": "0.00"}}, {"model": "ventas.producto", "pk": 142, "fields": {"nombre": "cama abierta 1", "codigo": "44AC2016", "categoria": 17, "fechaVencimiento": "2016-11-23", "unidad_medida": 1, "precioV": "25.00", "precioC": "30.00", "existencia": "0.00", "MontoReal": "0.00", "igv": "0.00"}}, {"model": "ventas.producto", "pk": 143, "fields": {"nombre": "cama abierta 2", "codigo": "45AC2016", "categoria": 17, "fechaVencimiento": "2016-11-23", "unidad_medida": 1, "precioV": "30.00", "precioC": "40.00", "existencia": "0.00", "MontoReal": "0.00", "igv": "0.00"}}, {"model": "ventas.producto", "pk": 144, "fields": {"nombre": "cama abierta 3", "codigo": "46AC2016", "categoria": 17, "fechaVencimiento": "2016-11-23", "unidad_medida": 1, "precioV": "40.00", "precioC": "50.00", "existencia": "0.00", "MontoReal": "0.00", "igv": "0.00"}}, {"model": "ventas.producto", "pk": 145, "fields": {"nombre": "cama abierta 4", "codigo": "47AC2016", "categoria": 17, "fechaVencimiento": "2016-11-23", "unidad_medida": 1, "precioV": "50.00", "precioC": "60.00", "existencia": "0.00", "MontoReal": "0.00", "igv": "0.00"}}, {"model": "ventas.producto", "pk": 146, "fields": {"nombre": "cama abierta 5", "codigo": "48AC2016", "categoria": 17, "fechaVencimiento": "2016-11-23", "unidad_medida": 1, "precioV": "60.00", "precioC": "70.00", "existencia": "0.00", "MontoReal": "0.00", "igv": "0.00"}}, {"model": "ventas.producto", "pk": 147, "fields": {"nombre": "iglu chico", "codigo": "49AC2016", "categoria": 17, "fechaVencimiento": "2016-11-23", "unidad_medida": 1, "precioV": "30.00", "precioC": "35.00", "existencia": "0.00", "MontoReal": "0.00", "igv": "0.00"}}, {"model": "ventas.producto", "pk": 148, "fields": {"nombre": "iglu mediano", "codigo": "50AC2016", "categoria": 17, "fechaVencimiento": "2016-11-23", "unidad_medida": 1, "precioV": "45.00", "precioC": "50.00", "existencia": "0.00", "MontoReal": "0.00", "igv": "0.00"}}, {"model": "ventas.producto", "pk": 149, "fields": {"nombre": "iglu grande", "codigo": "51AC2016", "categoria": 17, "fechaVencimiento": "2016-11-23", "unidad_medida": 1, "precioV": "50.00", "precioC": "60.00", "existencia": "0.00", "MontoReal": "0.00", "igv": "0.00"}}, {"model": "ventas.producto", "pk": 150, "fields": {"nombre": "casa pega Nro 1", "codigo": "52AC2016", "categoria": 17, "fechaVencimiento": "2016-11-23", "unidad_medida": 1, "precioV": "25.00", "precioC": "28.00", "existencia": "0.00", "MontoReal": "0.00", "igv": "0.00"}}, {"model": "ventas.producto", "pk": 151, "fields": {"nombre": "casa pega Nro 2", "codigo": "53AC2016", "categoria": 17, "fechaVencimiento": "2016-11-23", "unidad_medida": 1, "precioV": "35.00", "precioC": "38.00", "existencia": "0.00", "MontoReal": "0.00", "igv": "0.00"}}, {"model": "ventas.producto", "pk": 152, "fields": {"nombre": "pechera chaleco T0", "codigo": "54AC2016", "categoria": 12, "fechaVencimiento": "2016-11-23", "unidad_medida": 1, "precioV": "4.00", "precioC": "5.00", "existencia": "0.00", "MontoReal": "0.00", "igv": "0.00"}}, {"model": "ventas.producto", "pk": 153, "fields": {"nombre": "pechera chaleco T1", "codigo": "55AC2016", "categoria": 12, "fechaVencimiento": "2016-11-23", "unidad_medida": 1, "precioV": "5.00", "precioC": "6.00", "existencia": "0.00", "MontoReal": "0.00", "igv": "0.00"}}, {"model": "ventas.producto", "pk": 154, "fields": {"nombre": "pechera chaleco T2", "codigo": "56AC2016", "categoria": 12, "fechaVencimiento": "2016-11-23", "unidad_medida": 1, "precioV": "6.00", "precioC": "7.00", "existencia": "0.00", "MontoReal": "0.00", "igv": "0.00"}}, {"model": "ventas.producto", "pk": 155, "fields": {"nombre": "pechera chaleco T3", "codigo": "57AC2016", "categoria": 12, "fechaVencimiento": "2016-11-23", "unidad_medida": 1, "precioV": "7.00", "precioC": "8.00", "existencia": "0.00", "MontoReal": "0.00", "igv": "0.00"}}, {"model": "ventas.producto", "pk": 156, "fields": {"nombre": "pechera bolsa T1", "codigo": "58AC2016", "categoria": 12, "fechaVencimiento": "2016-11-23", "unidad_medida": 1, "precioV": "9.00", "precioC": "10.00", "existencia": "0.00", "MontoReal": "0.00", "igv": "0.00"}}, {"model": "ventas.producto", "pk": 157, "fields": {"nombre": "pechera bolsa T2", "codigo": "59AC2016", "categoria": 12, "fechaVencimiento": "2016-11-23", "unidad_medida": 1, "precioV": "9.00", "precioC": "11.00", "existencia": "0.00", "MontoReal": "0.00", "igv": "0.00"}}, {"model": "ventas.producto", "pk": 158, "fields": {"nombre": "pechera bolsa T3", "codigo": "60AC2016", "categoria": 12, "fechaVencimiento": "2016-11-23", "unidad_medida": 1, "precioV": "11.00", "precioC": "12.00", "existencia": "0.00", "MontoReal": "0.00", "igv": "0.00"}}, {"model": "ventas.producto", "pk": 159, "fields": {"nombre": "pechera bolsa T4", "codigo": "61AC2016", "categoria": 12, "fechaVencimiento": "2016-11-23", "unidad_medida": 1, "precioV": "12.00", "precioC": "13.00", "existencia": "0.00", "MontoReal": "0.00", "igv": "0.00"}}, {"model": "ventas.producto", "pk": 160, "fields": {"nombre": "pechera nylon T1", "codigo": "62AC2016", "categoria": 12, "fechaVencimiento": "2016-11-23", "unidad_medida": 1, "precioV": "5.00", "precioC": "6.00", "existencia": "0.00", "MontoReal": "0.00", "igv": "0.00"}}, {"model": "ventas.producto", "pk": 161, "fields": {"nombre": "pechera nylon T2", "codigo": "63AC2016", "categoria": 12, "fechaVencimiento": "2016-11-23", "unidad_medida": 1, "precioV": "5.00", "precioC": "7.00", "existencia": "0.00", "MontoReal": "0.00", "igv": "0.00"}}, {"model": "ventas.producto", "pk": 162, "fields": {"nombre": "pechera nylon T3", "codigo": "64AC2016", "categoria": 12, "fechaVencimiento": "2016-11-23", "unidad_medida": 1, "precioV": "7.00", "precioC": "8.00", "existencia": "0.00", "MontoReal": "0.00", "igv": "0.00"}}, {"model": "ventas.producto", "pk": 163, "fields": {"nombre": "pechera nylon T4", "codigo": "65AC2016", "categoria": 12, "fechaVencimiento": "2016-11-23", "unidad_medida": 1, "precioV": "8.00", "precioC": "9.00", "existencia": "0.00", "MontoReal": "0.00", "igv": "0.00"}}, {"model": "ventas.producto", "pk": 164, "fields": {"nombre": "pechera nylon cuero S", "codigo": "66AC2016", "categoria": 12, "fechaVencimiento": "2016-11-23", "unidad_medida": 1, "precioV": "12.00", "precioC": "13.00", "existencia": "0.00", "MontoReal": "0.00", "igv": "0.00"}}, {"model": "ventas.producto", "pk": 165, "fields": {"nombre": "pechera nylon cuero M", "codigo": "67AC2016", "categoria": 12, "fechaVencimiento": "2016-11-23", "unidad_medida": 1, "precioV": "13.00", "precioC": "15.00", "existencia": "0.00", "MontoReal": "0.00", "igv": "0.00"}}, {"model": "ventas.producto", "pk": 166, "fields": {"nombre": "pechera nylon cuero L", "codigo": "68AC2016", "categoria": 12, "fechaVencimiento": "2016-11-23", "unidad_medida": 1, "precioV": "15.00", "precioC": "17.00", "existencia": "0.00", "MontoReal": "0.00", "igv": "0.00"}}, {"model": "ventas.producto", "pk": 167, "fields": {"nombre": "pechera cuero T1", "codigo": "69AC2016", "categoria": 12, "fechaVencimiento": "2016-11-23", "unidad_medida": 1, "precioV": "15.00", "precioC": "20.00", "existencia": "0.00", "MontoReal": "0.00", "igv": "0.00"}}, {"model": "ventas.producto", "pk": 168, "fields": {"nombre": "pechera cuero T2", "codigo": "70AC2016", "categoria": 12, "fechaVencimiento": "2016-11-23", "unidad_medida": 1, "precioV": "12.00", "precioC": "13.00", "existencia": "0.00", "MontoReal": "0.00", "igv": "0.00"}}, {"model": "ventas.producto", "pk": 169, "fields": {"nombre": "pechera cuero T3", "codigo": "71AC2016", "categoria": 12, "fechaVencimiento": "2016-11-23", "unidad_medida": 1, "precioV": "13.00", "precioC": "14.00", "existencia": "0.00", "MontoReal": "0.00", "igv": "0.00"}}, {"model": "ventas.producto", "pk": 170, "fields": {"nombre": "pechera cuero T4", "codigo": "72AC2016", "categoria": 12, "fechaVencimiento": "2016-11-23", "unidad_medida": 1, "precioV": "15.00", "precioC": "16.00", "existencia": "0.00", "MontoReal": "0.00", "igv": "0.00"}}, {"model": "ventas.producto", "pk": 171, "fields": {"nombre": "pechera cuero T5", "codigo": "73AC2016", "categoria": 12, "fechaVencimiento": "2016-11-23", "unidad_medida": 1, "precioV": "16.00", "precioC": "17.00", "existencia": "0.00", "MontoReal": "0.00", "igv": "0.00"}}, {"model": "ventas.producto", "pk": 172, "fields": {"nombre": "pechera cuero T6", "codigo": "74AC2016", "categoria": 12, "fechaVencimiento": "2016-11-23", "unidad_medida": 1, "precioV": "17.00", "precioC": "18.00", "existencia": "0.00", "MontoReal": "0.00", "igv": "0.00"}}, {"model": "ventas.producto", "pk": 173, "fields": {"nombre": "pechera cuero T7", "codigo": "75AC2016", "categoria": 12, "fechaVencimiento": "2016-11-23", "unidad_medida": 1, "precioV": "20.00", "precioC": "23.00", "existencia": "0.00", "MontoReal": "0.00", "igv": "0.00"}}, {"model": "ventas.producto", "pk": 174, "fields": {"nombre": "bebedero de hamster", "codigo": "76AC2016", "categoria": 16, "fechaVencimiento": "2016-11-23", "unidad_medida": 1, "precioV": "6.00", "precioC": "7.00", "existencia": "0.00", "MontoReal": "0.00", "igv": "0.00"}}, {"model": "ventas.producto", "pk": 175, "fields": {"nombre": "pala recogedor gato", "codigo": "77AC2016", "categoria": 16, "fechaVencimiento": "2016-11-23", "unidad_medida": 1, "precioV": "5.00", "precioC": "6.00", "existencia": "0.00", "MontoReal": "0.00", "igv": "0.00"}}, {"model": "ventas.producto", "pk": 176, "fields": {"nombre": "pala tipo tijera", "codigo": "78AC2016", "categoria": 16, "fechaVencimiento": "2016-11-23", "unidad_medida": 1, "precioV": "5.00", "precioC": "6.00", "existencia": "0.00", "MontoReal": "0.00", "igv": "0.00"}}, {"model": "ventas.producto", "pk": 177, "fields": {"nombre": "plato hondo con huesito", "codigo": "79AC2016", "categoria": 16, "fechaVencimiento": "2016-11-23", "unidad_medida": 1, "precioV": "4.00", "precioC": "5.00", "existencia": "0.00", "MontoReal": "0.00", "igv": "0.00"}}, {"model": "ventas.producto", "pk": 178, "fields": {"nombre": "plato blanco importado S", "codigo": "80AC2016", "categoria": 16, "fechaVencimiento": "2016-11-23", "unidad_medida": 1, "precioV": "4.00", "precioC": "5.00", "existencia": "0.00", "MontoReal": "0.00", "igv": "0.00"}}, {"model": "ventas.producto", "pk": 179, "fields": {"nombre": "plato blanco importado M", "codigo": "81AC2016", "categoria": 16, "fechaVencimiento": "2016-11-23", "unidad_medida": 1, "precioV": "4.00", "precioC": "5.00", "existencia": "0.00", "MontoReal": "0.00", "igv": "0.00"}}, {"model": "ventas.producto", "pk": 180, "fields": {"nombre": "plato blanco importado L", "codigo": "82AC2016", "categoria": 16, "fechaVencimiento": "2016-11-23", "unidad_medida": 1, "precioV": "5.00", "precioC": "6.00", "existencia": "0.00", "MontoReal": "0.00", "igv": "0.00"}}, {"model": "ventas.producto", "pk": 181, "fields": {"nombre": "plato doble grande", "codigo": "83AC2016", "categoria": 16, "fechaVencimiento": "2016-11-23", "unidad_medida": 1, "precioV": "7.00", "precioC": "8.00", "existencia": "0.00", "MontoReal": "0.00", "igv": "0.00"}}, {"model": "ventas.producto", "pk": 182, "fields": {"nombre": "soga", "codigo": "84AC2016", "categoria": 15, "fechaVencimiento": "2016-11-23", "unidad_medida": 1, "precioV": "5.00", "precioC": "6.00", "existencia": "0.00", "MontoReal": "0.00", "igv": "0.00"}}, {"model": "ventas.producto", "pk": 183, "fields": {"nombre": "pollo chico", "codigo": "85AC2016", "categoria": 15, "fechaVencimiento": "2016-11-23", "unidad_medida": 1, "precioV": "3.00", "precioC": "4.00", "existencia": "0.00", "MontoReal": "0.00", "igv": "0.00"}}, {"model": "ventas.producto", "pk": 184, "fields": {"nombre": "pollo mediano", "codigo": "86AC2016", "categoria": 15, "fechaVencimiento": "2016-11-23", "unidad_medida": 1, "precioV": "5.00", "precioC": "7.00", "existencia": "0.00", "MontoReal": "0.00", "igv": "0.00"}}, {"model": "ventas.producto", "pk": 185, "fields": {"nombre": "chancho mediano", "codigo": "87AC2016", "categoria": 15, "fechaVencimiento": "2016-11-23", "unidad_medida": 1, "precioV": "5.00", "precioC": "7.00", "existencia": "0.00", "MontoReal": "0.00", "igv": "0.00"}}, {"model": "ventas.producto", "pk": 186, "fields": {"nombre": "chancho grande", "codigo": "88AC2016", "categoria": 15, "fechaVencimiento": "2016-11-23", "unidad_medida": 1, "precioV": "6.00", "precioC": "8.00", "existencia": "0.00", "MontoReal": "0.00", "igv": "0.00"}}, {"model": "ventas.producto", "pk": 187, "fields": {"nombre": "cortau\u00f1a negra", "codigo": "16AS2016", "categoria": 11, "fechaVencimiento": "2016-11-23", "unidad_medida": 1, "precioV": "9.00", "precioC": "10.00", "existencia": "0.00", "MontoReal": "0.00", "igv": "0.00"}}, {"model": "ventas.producto", "pk": 188, "fields": {"nombre": "desmotador", "codigo": "17AS2016", "categoria": 11, "fechaVencimiento": "2016-11-23", "unidad_medida": 1, "precioV": "10.00", "precioC": "12.00", "existencia": "0.00", "MontoReal": "0.00", "igv": "0.00"}}, {"model": "ventas.producto", "pk": 189, "fields": {"nombre": "bolsa de hueso x 1 kg dentitoy", "codigo": "01AL2016", "categoria": 14, "fechaVencimiento": "2016-11-23", "unidad_medida": 1, "precioV": "33.00", "precioC": "35.00", "existencia": "0.00", "MontoReal": "0.00", "igv": "0.00"}}, {"model": "ventas.producto", "pk": 190, "fields": {"nombre": "mini dentitoy", "codigo": "02AL2016", "categoria": 14, "fechaVencimiento": "2016-11-23", "unidad_medida": 1, "precioV": "12.00", "precioC": "14.00", "existencia": "0.00", "MontoReal": "0.00", "igv": "0.00"}}, {"model": "ventas.producto", "pk": 191, "fields": {"nombre": "biberon", "codigo": "01FA2016", "categoria": 13, "fechaVencimiento": "2016-11-23", "unidad_medida": 1, "precioV": "4.00", "precioC": "5.00", "existencia": "0.00", "MontoReal": "0.00", "igv": "0.00"}}, {"model": "ventas.producto", "pk": 192, "fields": {"nombre": "leche maternizada sustile", "codigo": "02FA2016", "categoria": 13, "fechaVencimiento": "2016-11-23", "unidad_medida": 1, "precioV": "40.00", "precioC": "45.00", "existencia": "24.00", "MontoReal": "960.00", "igv": "172.80"}}, {"model": "ventas.producto", "pk": 193, "fields": {"nombre": "vacuna quintuple", "codigo": "", "categoria": 3, "fechaVencimiento": "2016-12-27", "unidad_medida": 2, "precioV": "10.00", "precioC": "200.00", "existencia": "45.00", "MontoReal": "459.00", "igv": "81.00"}}, {"model": "ventas.categoria", "pk": 1, "fields": {"descripcion": "Capas", "departamento": 3}}, {"model": "ventas.categoria", "pk": 2, "fields": {"descripcion": "Enterizos", "departamento": 3}}, {"model": "ventas.categoria", "pk": 3, "fields": {"descripcion": "Polos", "departamento": 3}}, {"model": "ventas.categoria", "pk": 4, "fields": {"descripcion": "Vestidos", "departamento": 3}}, {"model": "ventas.categoria", "pk": 5, "fields": {"descripcion": "Casacas", "departamento": 3}}, {"model": "ventas.categoria", "pk": 6, "fields": {"descripcion": "Collares y tiros", "departamento": 2}}, {"model": "ventas.categoria", "pk": 7, "fields": {"descripcion": "Transportador", "departamento": 2}}, {"model": "ventas.categoria", "pk": 8, "fields": {"descripcion": "kenel", "departamento": 2}}, {"model": "ventas.categoria", "pk": 9, "fields": {"descripcion": "Bozal", "departamento": 2}}, {"model": "ventas.categoria", "pk": 10, "fields": {"descripcion": "Cosmeticos", "departamento": 5}}, {"model": "ventas.categoria", "pk": 11, "fields": {"descripcion": "Peluqueria", "departamento": 5}}, {"model": "ventas.categoria", "pk": 12, "fields": {"descripcion": "Pecheras", "departamento": 2}}, {"model": "ventas.categoria", "pk": 13, "fields": {"descripcion": "Suplementos", "departamento": 4}}, {"model": "ventas.categoria", "pk": 14, "fields": {"descripcion": "Huesos", "departamento": 1}}, {"model": "ventas.categoria", "pk": 15, "fields": {"descripcion": "Juguetes", "departamento": 2}}, {"model": "ventas.categoria", "pk": 16, "fields": {"descripcion": "Platos y bebederos", "departamento": 2}}, {"model": "ventas.categoria", "pk": 17, "fields": {"descripcion": "Camas", "departamento": 2}}, {"model": "ventas.categoria", "pk": 18, "fields": {"descripcion": "menores", "departamento": 6}}, {"model": "ventas.unidadmedidav", "pk": 1, "fields": {"nombre": "Unidades", "simbolo": "Uni."}}, {"model": "ventas.unidadmedidac", "pk": 1, "fields": {"nombre": "Docenas", "simbolo": "Dc.", "cant_equivalencia": "12.00", "unidad_medida_venta": 1}}, {"model": "ventas.unidadmedidac", "pk": 2, "fields": {"nombre": "blister", "simbolo": "blis", "cant_equivalencia": "25.00", "unidad_medida_venta": 1}}, {"model": "ventas.departamento", "pk": 1, "fields": {"descripcion": "Alimentos"}}, {"model": "ventas.departamento", "pk": 2, "fields": {"descripcion": "Accesorios"}}, {"model": "ventas.departamento", "pk": 3, "fields": {"descripcion": "Indumentaria"}}, {"model": "ventas.departamento", "pk": 4, "fields": {"descripcion": "Farmacos"}}, {"model": "ventas.departamento", "pk": 5, "fields": {"descripcion": "Aseo animal"}}, {"model": "ventas.departamento", "pk": 6, "fields": {"descripcion": "cirugias"}}]